"Age","Purchase_Amount_USD","Review_Rating","Previous_Purchases","Discount_Applied","Subscription_Status"
"55","53","3.1","14","Yes","Yes"
"19","64","3.1","2","Yes","Yes"
"50","73","3.1","23","Yes","Yes"
"21","90","3.5","49","Yes","Yes"
"45","49","2.7","31","Yes","Yes"
"46","20","2.9","14","Yes","Yes"
"63","85","3.2","49","Yes","Yes"
"27","34","3.2","19","Yes","Yes"
"26","97","2.6","8","Yes","Yes"
"57","31","4.8","4","Yes","Yes"
"53","34","4.1","26","Yes","Yes"
"30","68","4.9","10","Yes","Yes"
"61","72","4.5","37","Yes","Yes"
"65","51","4.7","31","Yes","Yes"
"64","53","4.7","34","Yes","Yes"
"64","81","2.8","8","Yes","Yes"
"25","36","4.1","44","Yes","Yes"
"53","38","4.7","36","Yes","Yes"
"52","48","4.6","17","Yes","Yes"
"66","90","3.3","46","Yes","Yes"
"21","51","2.8","50","Yes","Yes"
"31","62","4.1","22","Yes","Yes"
"56","37","3.2","32","Yes","Yes"
"31","88","4.4","40","Yes","Yes"
"18","22","2.9","16","Yes","Yes"
"18","25","3.6","14","Yes","Yes"
"38","20","3.6","13","Yes","Yes"
"56","56","5.0","7","Yes","Yes"
"54","94","4.4","41","Yes","Yes"
"31","48","4.1","14","Yes","Yes"
"57","31","4.7","16","Yes","Yes"
"33","79","4.7","45","Yes","Yes"
"36","67","4.9","37","Yes","Yes"
"54","38","3.3","45","Yes","Yes"
"36","91","4.6","38","Yes","Yes"
"54","33","4.0","48","Yes","Yes"
"35","69","4.6","44","Yes","Yes"
"35","45","2.8","10","Yes","Yes"
"29","37","3.7","44","Yes","Yes"
"70","60","4.2","18","Yes","Yes"
"69","76","4.6","31","Yes","Yes"
"67","39","4.5","40","Yes","Yes"
"20","100","4.1","15","Yes","Yes"
"25","69","3.7","19","Yes","Yes"
"39","53","4.6","45","Yes","Yes"
"50","21","2.9","25","Yes","Yes"
"57","43","2.9","45","Yes","Yes"
"55","54","4.5","36","Yes","Yes"
"42","55","2.7","38","Yes","Yes"
"68","30","4.6","34","Yes","Yes"
"49","28","3.7","39","Yes","Yes"
"59","59","4.7","7","Yes","Yes"
"42","20","2.6","26","Yes","Yes"
"29","24","3.9","35","Yes","Yes"
"47","94","4.2","35","Yes","Yes"
"40","28","3.0","49","Yes","Yes"
"41","73","4.7","46","Yes","Yes"
"21","64","4.4","17","Yes","Yes"
"69","54","4.2","29","Yes","Yes"
"63","79","4.6","4","Yes","Yes"
"50","37","4.0","17","Yes","Yes"
"55","68","4.7","21","Yes","Yes"
"30","21","3.8","31","Yes","Yes"
"33","79","2.7","43","Yes","Yes"
"65","83","4.8","18","Yes","Yes"
"65","36","4.8","44","Yes","Yes"
"31","94","4.7","3","Yes","Yes"
"45","33","4.4","49","Yes","Yes"
"57","46","3.9","21","Yes","Yes"
"48","70","4.4","5","Yes","Yes"
"22","29","4.2","32","Yes","Yes"
"36","48","2.9","34","Yes","Yes"
"18","26","2.9","21","Yes","Yes"
"48","85","2.7","43","Yes","Yes"
"49","58","4.5","3","Yes","Yes"
"64","85","2.7","21","Yes","Yes"
"50","43","4.2","32","Yes","Yes"
"22","53","3.3","36","Yes","Yes"
"50","91","4.7","50","Yes","Yes"
"38","96","2.6","43","Yes","Yes"
"19","72","3.3","24","Yes","Yes"
"67","96","2.6","36","Yes","Yes"
"19","28","4.0","21","Yes","Yes"
"36","40","4.1","34","Yes","Yes"
"52","32","4.4","42","Yes","Yes"
"53","95","4.5","2","Yes","Yes"
"24","41","3.7","47","Yes","Yes"
"52","53","3.7","44","Yes","Yes"
"33","47","3.5","35","Yes","Yes"
"47","83","3.6","15","Yes","Yes"
"25","48","2.9","29","Yes","Yes"
"44","99","4.6","18","Yes","Yes"
"61","87","4.4","13","Yes","Yes"
"37","62","4.5","46","Yes","Yes"
"58","76","4.6","28","Yes","Yes"
"37","100","3.8","48","Yes","Yes"
"32","73","3.6","43","Yes","Yes"
"21","92","4.8","37","Yes","Yes"
"20","67","2.6","20","Yes","Yes"
"26","40","3.7","33","Yes","Yes"
"62","98","2.7","31","Yes","Yes"
"27","85","4.6","50","Yes","Yes"
"51","67","4.8","35","Yes","Yes"
"54","89","4.0","22","Yes","Yes"
"55","24","4.4","1","Yes","Yes"
"69","96","3.6","4","Yes","Yes"
"64","35","3.7","31","Yes","Yes"
"28","67","3.1","46","Yes","Yes"
"70","79","3.4","32","Yes","Yes"
"58","85","2.6","43","Yes","Yes"
"56","26","4.0","26","Yes","Yes"
"26","75","5.0","9","Yes","Yes"
"37","65","4.3","28","Yes","Yes"
"44","54","3.1","20","Yes","Yes"
"70","95","3.7","9","Yes","Yes"
"53","94","3.8","48","Yes","Yes"
"55","86","3.4","12","Yes","Yes"
"50","32","4.6","29","Yes","Yes"
"50","45","4.8","27","Yes","Yes"
"38","76","4.3","44","Yes","Yes"
"64","84","4.0","32","Yes","Yes"
"19","72","4.2","11","Yes","Yes"
"40","40","4.8","44","Yes","Yes"
"57","89","3.1","46","Yes","Yes"
"44","86","3.1","50","Yes","Yes"
"49","54","3.6","45","Yes","Yes"
"43","36","3.9","48","Yes","Yes"
"24","89","4.8","26","Yes","Yes"
"20","32","4.7","21","Yes","Yes"
"24","67","4.2","49","Yes","Yes"
"44","39","3.7","13","Yes","Yes"
"28","29","3.9","46","Yes","Yes"
"30","58","4.7","42","Yes","Yes"
"52","65","2.5","25","Yes","Yes"
"43","94","4.9","25","Yes","Yes"
"43","81","4.1","12","Yes","Yes"
"39","86","3.3","4","Yes","Yes"
"68","43","4.7","38","Yes","Yes"
"68","29","4.4","42","Yes","Yes"
"49","95","3.8","30","Yes","Yes"
"63","28","3.9","50","Yes","Yes"
"56","46","4.9","45","Yes","Yes"
"37","58","3.1","33","Yes","Yes"
"30","48","2.7","25","Yes","Yes"
"19","43","3.2","25","Yes","Yes"
"24","95","4.5","44","Yes","Yes"
"52","30","4.0","21","Yes","Yes"
"63","64","3.5","31","Yes","Yes"
"37","90","2.6","47","Yes","Yes"
"38","76","3.2","14","Yes","Yes"
"35","96","4.9","17","Yes","Yes"
"28","47","4.5","3","Yes","Yes"
"30","85","4.3","42","Yes","Yes"
"69","55","3.2","22","Yes","Yes"
"41","98","3.6","21","Yes","Yes"
"63","77","4.3","21","Yes","Yes"
"35","26","4.0","40","Yes","Yes"
"36","68","3.0","1","Yes","Yes"
"25","73","4.1","50","Yes","Yes"
"58","27","3.8","39","Yes","Yes"
"27","23","4.6","34","Yes","Yes"
"65","49","3.0","29","Yes","Yes"
"54","74","3.0","31","Yes","Yes"
"54","67","3.4","8","Yes","Yes"
"59","65","2.6","5","Yes","Yes"
"42","60","2.8","7","Yes","Yes"
"46","31","4.0","30","Yes","Yes"
"33","27","4.0","14","Yes","Yes"
"34","80","3.0","5","Yes","Yes"
"27","30","3.3","3","Yes","Yes"
"52","25","2.6","46","Yes","Yes"
"29","35","3.6","4","Yes","Yes"
"54","67","3.9","42","Yes","Yes"
"25","46","3.4","30","Yes","Yes"
"41","35","3.5","37","Yes","Yes"
"53","86","2.8","2","Yes","Yes"
"53","81","2.7","30","Yes","Yes"
"21","42","3.7","47","Yes","Yes"
"61","43","4.3","21","Yes","Yes"
"64","31","4.9","9","Yes","Yes"
"51","81","3.3","12","Yes","Yes"
"32","61","4.7","4","Yes","Yes"
"38","96","2.8","10","Yes","Yes"
"58","29","3.6","26","Yes","Yes"
"32","33","3.0","40","Yes","Yes"
"46","32","4.5","34","Yes","Yes"
"39","56","2.9","31","Yes","Yes"
"19","94","3.3","1","Yes","Yes"
"50","53","3.1","5","Yes","Yes"
"36","82","4.4","4","Yes","Yes"
"65","70","3.0","48","Yes","Yes"
"64","76","3.9","29","Yes","Yes"
"46","29","2.9","12","Yes","Yes"
"36","100","3.0","29","Yes","Yes"
"51","94","3.1","15","Yes","Yes"
"51","25","4.3","34","Yes","Yes"
"38","88","3.9","41","Yes","Yes"
"59","78","3.2","41","Yes","Yes"
"57","45","4.8","39","Yes","Yes"
"54","73","3.8","32","Yes","Yes"
"25","61","3.3","29","Yes","Yes"
"69","22","4.3","15","Yes","Yes"
"57","38","2.7","33","Yes","Yes"
"70","38","3.2","18","Yes","Yes"
"24","100","4.0","35","Yes","Yes"
"67","64","3.0","25","Yes","Yes"
"24","55","4.2","6","Yes","Yes"
"62","91","2.9","17","Yes","Yes"
"57","38","4.1","17","Yes","Yes"
"55","97","3.2","44","Yes","Yes"
"45","22","3.0","6","Yes","Yes"
"69","92","4.2","45","Yes","Yes"
"67","84","4.2","7","Yes","Yes"
"30","93","4.4","11","Yes","Yes"
"24","50","4.2","41","Yes","Yes"
"62","64","2.8","24","Yes","Yes"
"43","61","3.7","21","Yes","Yes"
"35","48","3.5","24","Yes","Yes"
"28","45","2.9","8","Yes","Yes"
"32","88","3.0","12","Yes","Yes"
"39","57","3.7","48","Yes","Yes"
"28","68","4.4","6","Yes","Yes"
"47","94","4.5","14","Yes","Yes"
"20","41","4.8","34","Yes","Yes"
"63","83","2.9","12","Yes","Yes"
"25","22","3.2","11","Yes","Yes"
"29","74","3.3","5","Yes","Yes"
"50","90","4.2","25","Yes","Yes"
"18","79","2.9","11","Yes","Yes"
"70","28","4.6","27","Yes","Yes"
"66","88","4.1","43","Yes","Yes"
"28","26","3.1","18","Yes","Yes"
"54","27","4.2","32","Yes","Yes"
"19","83","4.5","27","Yes","Yes"
"20","39","3.7","24","Yes","Yes"
"43","89","3.7","31","Yes","Yes"
"38","68","3.4","39","Yes","Yes"
"50","90","3.0","36","Yes","Yes"
"64","34","4.2","5","Yes","Yes"
"49","51","2.9","47","Yes","Yes"
"47","45","3.5","29","Yes","Yes"
"36","88","4.1","43","Yes","Yes"
"55","85","4.3","40","Yes","Yes"
"25","100","2.8","4","Yes","Yes"
"53","42","4.9","39","Yes","Yes"
"49","53","3.3","45","Yes","Yes"
"35","86","3.2","20","Yes","Yes"
"29","66","4.4","14","Yes","Yes"
"47","100","4.8","33","Yes","Yes"
"53","47","4.2","18","Yes","Yes"
"33","25","4.0","9","Yes","Yes"
"21","51","2.5","34","Yes","Yes"
"32","41","3.9","33","Yes","Yes"
"52","73","4.9","15","Yes","Yes"
"67","42","3.5","4","Yes","Yes"
"43","20","4.2","25","Yes","Yes"
"58","30","4.7","20","Yes","Yes"
"20","53","4.5","5","Yes","Yes"
"61","74","2.8","16","Yes","Yes"
"32","57","2.9","13","Yes","Yes"
"38","57","3.2","11","Yes","Yes"
"21","77","4.9","21","Yes","Yes"
"37","40","3.7","6","Yes","Yes"
"27","46","4.3","29","Yes","Yes"
"36","78","3.9","15","Yes","Yes"
"32","59","3.2","17","Yes","Yes"
"51","75","3.1","32","Yes","Yes"
"64","54","3.9","42","Yes","Yes"
"68","42","2.6","21","Yes","Yes"
"68","44","3.3","9","Yes","Yes"
"33","52","4.6","16","Yes","Yes"
"65","69","4.6","42","Yes","Yes"
"48","26","4.4","37","Yes","Yes"
"69","33","4.2","32","Yes","Yes"
"59","32","3.0","28","Yes","Yes"
"48","85","4.0","13","Yes","Yes"
"25","30","3.5","11","Yes","Yes"
"29","29","3.0","36","Yes","Yes"
"57","95","3.7","23","Yes","Yes"
"23","69","4.0","37","Yes","Yes"
"45","69","4.2","21","Yes","Yes"
"38","61","2.5","22","Yes","Yes"
"21","94","3.0","9","Yes","Yes"
"32","30","3.2","16","Yes","Yes"
"63","45","3.5","4","Yes","Yes"
"29","39","4.8","3","Yes","Yes"
"27","51","2.6","6","Yes","Yes"
"56","37","3.4","18","Yes","Yes"
"30","62","3.7","34","Yes","Yes"
"49","85","4.5","26","Yes","Yes"
"58","33","3.7","50","Yes","Yes"
"57","26","3.3","40","Yes","Yes"
"60","99","4.7","24","Yes","Yes"
"69","39","2.7","33","Yes","Yes"
"70","20","4.6","19","Yes","Yes"
"53","42","2.7","24","Yes","Yes"
"25","74","4.8","19","Yes","Yes"
"48","26","4.4","4","Yes","Yes"
"69","53","4.0","11","Yes","Yes"
"25","80","3.2","28","Yes","Yes"
"29","98","4.4","24","Yes","Yes"
"46","95","3.8","25","Yes","Yes"
"37","44","3.6","27","Yes","Yes"
"20","60","3.3","49","Yes","Yes"
"40","84","3.4","45","Yes","Yes"
"60","59","3.5","26","Yes","Yes"
"26","49","3.6","4","Yes","Yes"
"29","32","3.2","3","Yes","Yes"
"66","29","3.7","45","Yes","Yes"
"66","22","4.5","21","Yes","Yes"
"56","85","4.6","50","Yes","Yes"
"69","52","4.1","19","Yes","Yes"
"38","89","3.4","6","Yes","Yes"
"42","77","3.7","50","Yes","Yes"
"30","24","3.3","17","Yes","Yes"
"66","24","4.5","24","Yes","Yes"
"36","22","3.3","46","Yes","Yes"
"58","82","4.3","42","Yes","Yes"
"45","67","2.5","10","Yes","Yes"
"47","74","2.6","1","Yes","Yes"
"66","72","4.9","28","Yes","Yes"
"41","36","4.7","48","Yes","Yes"
"41","95","3.0","47","Yes","Yes"
"66","78","3.5","29","Yes","Yes"
"37","82","4.8","37","Yes","Yes"
"70","70","4.3","38","Yes","Yes"
"62","41","3.2","48","Yes","Yes"
"61","42","3.1","36","Yes","Yes"
"48","50","2.8","9","Yes","Yes"
"70","31","2.9","34","Yes","Yes"
"46","51","3.7","43","Yes","Yes"
"31","98","3.3","46","Yes","Yes"
"19","86","2.8","5","Yes","Yes"
"39","64","4.5","15","Yes","Yes"
"41","46","2.6","30","Yes","Yes"
"20","85","3.7","44","Yes","Yes"
"36","81","4.4","16","Yes","Yes"
"32","59","4.3","16","Yes","Yes"
"69","79","3.5","16","Yes","Yes"
"40","33","3.8","21","Yes","Yes"
"40","47","3.5","39","Yes","Yes"
"20","20","4.6","40","Yes","Yes"
"64","36","2.6","48","Yes","Yes"
"27","39","4.4","26","Yes","Yes"
"24","71","4.0","46","Yes","Yes"
"48","59","4.4","27","Yes","Yes"
"49","50","4.7","5","Yes","Yes"
"36","41","3.9","43","Yes","Yes"
"56","59","2.7","17","Yes","Yes"
"37","87","3.7","3","Yes","Yes"
"42","68","2.6","47","Yes","Yes"
"28","90","3.9","24","Yes","Yes"
"27","71","4.9","12","Yes","Yes"
"63","64","4.1","35","Yes","Yes"
"58","76","3.0","42","Yes","Yes"
"37","42","4.1","1","Yes","Yes"
"56","80","3.8","27","Yes","Yes"
"18","56","4.0","16","Yes","Yes"
"48","25","3.6","36","Yes","Yes"
"31","74","3.0","30","Yes","Yes"
"51","30","3.0","18","Yes","Yes"
"65","96","2.6","45","Yes","Yes"
"53","64","3.4","1","Yes","Yes"
"55","88","3.1","42","Yes","Yes"
"62","88","3.0","7","Yes","Yes"
"55","88","3.7","50","Yes","Yes"
"64","36","3.5","37","Yes","Yes"
"52","40","2.8","18","Yes","Yes"
"24","39","4.5","29","Yes","Yes"
"38","40","3.3","45","Yes","Yes"
"59","34","3.4","13","Yes","Yes"
"27","83","3.2","47","Yes","Yes"
"24","85","3.7","7","Yes","Yes"
"23","27","4.6","11","Yes","Yes"
"69","78","5.0","39","Yes","Yes"
"59","32","4.4","6","Yes","Yes"
"51","51","4.9","2","Yes","Yes"
"63","32","4.1","39","Yes","Yes"
"54","62","4.9","23","Yes","Yes"
"32","29","4.7","46","Yes","Yes"
"39","69","3.0","19","Yes","Yes"
"66","25","3.4","3","Yes","Yes"
"28","76","3.2","47","Yes","Yes"
"50","77","2.9","6","Yes","Yes"
"70","33","4.5","6","Yes","Yes"
"67","93","2.7","12","Yes","Yes"
"64","39","3.4","40","Yes","Yes"
"45","93","4.6","38","Yes","Yes"
"22","82","2.7","10","Yes","Yes"
"27","42","4.2","28","Yes","Yes"
"25","71","3.2","19","Yes","Yes"
"37","86","4.8","25","Yes","Yes"
"26","82","3.3","38","Yes","Yes"
"33","65","4.2","6","Yes","Yes"
"43","29","4.8","7","Yes","Yes"
"37","65","4.9","2","Yes","Yes"
"46","88","3.9","24","Yes","Yes"
"22","46","3.0","26","Yes","Yes"
"20","67","4.6","25","Yes","Yes"
"60","35","3.5","10","Yes","Yes"
"39","66","4.8","14","Yes","Yes"
"43","91","4.8","21","Yes","Yes"
"31","78","3.0","26","Yes","Yes"
"19","45","4.5","12","Yes","Yes"
"35","93","4.8","11","Yes","Yes"
"41","74","3.8","15","Yes","Yes"
"52","55","4.6","13","Yes","Yes"
"45","76","3.1","5","Yes","Yes"
"34","66","3.4","36","Yes","Yes"
"35","51","3.3","32","Yes","Yes"
"29","26","4.8","1","Yes","Yes"
"59","29","2.8","15","Yes","Yes"
"24","74","3.1","3","Yes","Yes"
"70","99","4.6","48","Yes","Yes"
"29","88","2.6","30","Yes","Yes"
"67","31","2.6","40","Yes","Yes"
"36","55","3.8","24","Yes","Yes"
"23","81","4.5","48","Yes","Yes"
"18","73","3.0","27","Yes","Yes"
"53","91","3.5","14","Yes","Yes"
"32","54","3.8","18","Yes","Yes"
"38","40","3.5","48","Yes","Yes"
"47","59","3.1","32","Yes","Yes"
"46","26","3.0","21","Yes","Yes"
"66","23","4.3","42","Yes","Yes"
"40","87","3.3","4","Yes","Yes"
"43","71","4.7","19","Yes","Yes"
"58","91","4.5","6","Yes","Yes"
"21","64","2.9","2","Yes","Yes"
"42","94","4.1","21","Yes","Yes"
"24","40","3.5","40","Yes","Yes"
"43","76","3.4","33","Yes","Yes"
"47","86","3.3","26","Yes","Yes"
"49","92","3.2","23","Yes","Yes"
"50","52","4.0","39","Yes","Yes"
"51","28","3.6","42","Yes","Yes"
"40","46","4.6","41","Yes","Yes"
"45","50","2.6","41","Yes","Yes"
"52","23","4.3","12","Yes","Yes"
"62","50","3.4","31","Yes","Yes"
"20","89","3.5","34","Yes","Yes"
"43","81","4.2","32","Yes","Yes"
"29","69","3.5","31","Yes","Yes"
"22","67","3.6","24","Yes","Yes"
"48","20","4.3","31","Yes","Yes"
"42","29","4.9","18","Yes","Yes"
"19","74","4.1","15","Yes","Yes"
"60","82","3.6","7","Yes","Yes"
"32","23","3.4","35","Yes","Yes"
"26","45","2.9","35","Yes","Yes"
"25","21","2.7","19","Yes","Yes"
"66","31","4.3","26","Yes","Yes"
"45","45","3.3","39","Yes","Yes"
"54","56","2.8","22","Yes","Yes"
"37","97","3.2","14","Yes","Yes"
"54","100","3.6","50","Yes","Yes"
"50","96","4.0","33","Yes","Yes"
"25","99","4.9","48","Yes","Yes"
"47","91","4.0","48","Yes","Yes"
"63","30","3.8","27","Yes","Yes"
"64","65","3.7","27","Yes","Yes"
"18","93","3.9","20","Yes","Yes"
"59","81","3.3","48","Yes","Yes"
"37","81","2.7","29","Yes","Yes"
"23","52","4.7","45","Yes","Yes"
"54","88","2.8","25","Yes","Yes"
"38","24","4.6","25","Yes","Yes"
"19","51","4.5","37","Yes","Yes"
"34","38","5.0","16","Yes","Yes"
"21","46","4.1","30","Yes","Yes"
"50","63","4.6","6","Yes","Yes"
"55","72","4.9","36","Yes","Yes"
"20","39","3.9","3","Yes","Yes"
"34","42","3.9","29","Yes","Yes"
"62","76","2.6","15","Yes","Yes"
"21","66","2.7","18","Yes","Yes"
"21","90","3.5","2","Yes","Yes"
"42","56","3.7","49","Yes","Yes"
"35","43","3.2","48","Yes","Yes"
"39","84","3.3","43","Yes","Yes"
"68","88","4.8","30","Yes","Yes"
"46","88","3.2","10","Yes","Yes"
"41","42","2.5","11","Yes","Yes"
"23","73","3.9","12","Yes","Yes"
"68","73","4.7","28","Yes","Yes"
"48","44","2.6","36","Yes","Yes"
"38","63","2.8","37","Yes","Yes"
"41","68","4.4","22","Yes","Yes"
"58","29","4.6","32","Yes","Yes"
"49","85","3.2","40","Yes","Yes"
"57","42","4.2","47","Yes","Yes"
"49","69","3.7","24","Yes","Yes"
"50","62","3.9","11","Yes","Yes"
"28","48","4.7","19","Yes","Yes"
"38","68","4.5","42","Yes","Yes"
"33","36","3.3","6","Yes","Yes"
"30","63","3.3","31","Yes","Yes"
"43","39","4.6","31","Yes","Yes"
"43","78","3.6","27","Yes","Yes"
"36","99","4.8","24","Yes","Yes"
"36","31","4.8","35","Yes","Yes"
"64","45","2.9","21","Yes","Yes"
"59","30","2.8","8","Yes","Yes"
"55","24","3.2","26","Yes","Yes"
"42","22","3.9","26","Yes","Yes"
"61","63","4.3","9","Yes","Yes"
"28","40","2.7","48","Yes","Yes"
"65","20","5.0","33","Yes","Yes"
"27","20","3.7","31","Yes","Yes"
"41","80","3.9","17","Yes","Yes"
"21","87","3.9","22","Yes","Yes"
"61","46","3.1","8","Yes","Yes"
"19","49","3.3","2","Yes","Yes"
"22","65","3.6","45","Yes","Yes"
"64","62","4.3","47","Yes","Yes"
"28","67","4.5","7","Yes","Yes"
"34","41","2.8","19","Yes","Yes"
"61","49","2.7","44","Yes","Yes"
"24","100","2.9","16","Yes","Yes"
"19","54","4.4","17","Yes","Yes"
"51","84","3.9","20","Yes","Yes"
"36","41","3.5","50","Yes","Yes"
"65","88","2.5","37","Yes","Yes"
"46","40","4.9","5","Yes","Yes"
"59","39","4.8","44","Yes","Yes"
"51","37","3.2","41","Yes","Yes"
"51","52","4.9","19","Yes","Yes"
"21","23","4.3","47","Yes","Yes"
"34","88","3.2","40","Yes","Yes"
"32","84","3.7","6","Yes","Yes"
"48","37","3.2","25","Yes","Yes"
"50","51","3.4","42","Yes","Yes"
"26","76","4.1","35","Yes","Yes"
"57","60","4.5","17","Yes","Yes"
"65","72","4.5","4","Yes","Yes"
"56","45","3.2","24","Yes","Yes"
"44","84","4.4","16","Yes","Yes"
"50","49","3.0","14","Yes","Yes"
"27","22","3.2","43","Yes","Yes"
"49","48","4.0","49","Yes","Yes"
"49","37","3.1","33","Yes","Yes"
"52","27","2.8","45","Yes","Yes"
"27","79","4.6","35","Yes","Yes"
"53","98","4.3","11","Yes","Yes"
"34","64","3.3","30","Yes","Yes"
"33","32","3.5","48","Yes","Yes"
"62","74","3.4","45","Yes","Yes"
"38","50","2.8","26","Yes","Yes"
"36","64","4.6","41","Yes","Yes"
"31","29","3.6","37","Yes","Yes"
"62","62","3.3","12","Yes","Yes"
"29","78","3.1","27","Yes","Yes"
"24","94","3.5","18","Yes","Yes"
"63","59","3.2","15","Yes","Yes"
"56","47","3.0","34","Yes","Yes"
"63","57","4.8","37","Yes","Yes"
"40","90","5.0","21","Yes","Yes"
"18","60","2.9","31","Yes","Yes"
"50","77","3.2","43","Yes","Yes"
"66","41","2.9","22","Yes","Yes"
"25","48","3.3","12","Yes","Yes"
"65","65","2.6","25","Yes","Yes"
"53","62","3.5","40","Yes","Yes"
"61","99","4.4","16","Yes","Yes"
"67","58","3.4","30","Yes","Yes"
"59","43","4.2","10","Yes","Yes"
"55","93","3.6","1","Yes","Yes"
"21","50","3.0","24","Yes","Yes"
"44","88","4.0","36","Yes","Yes"
"65","33","4.4","46","Yes","Yes"
"65","99","4.1","20","Yes","Yes"
"54","76","3.6","37","Yes","Yes"
"56","97","4.6","26","Yes","Yes"
"58","68","3.2","23","Yes","Yes"
"54","79","4.8","20","Yes","Yes"
"58","86","4.8","38","Yes","Yes"
"48","68","5.0","5","Yes","Yes"
"19","52","3.7","41","Yes","Yes"
"69","90","4.6","22","Yes","Yes"
"58","41","3.7","48","Yes","Yes"
"49","80","4.1","10","Yes","Yes"
"32","100","2.7","12","Yes","Yes"
"40","77","4.9","2","Yes","Yes"
"25","78","4.0","38","Yes","Yes"
"70","94","4.7","20","Yes","Yes"
"69","23","2.8","5","Yes","Yes"
"45","20","4.9","9","Yes","Yes"
"29","86","4.2","48","Yes","Yes"
"47","60","3.0","9","Yes","Yes"
"28","70","3.4","40","Yes","Yes"
"64","39","4.6","30","Yes","Yes"
"47","37","4.2","6","Yes","Yes"
"60","29","3.2","42","Yes","Yes"
"67","35","4.4","9","Yes","Yes"
"35","83","2.5","6","Yes","Yes"
"30","77","3.6","47","Yes","Yes"
"23","37","4.5","36","Yes","Yes"
"70","69","3.4","19","Yes","Yes"
"21","66","3.2","30","Yes","Yes"
"51","26","4.2","27","Yes","Yes"
"22","63","5.0","25","Yes","Yes"
"32","38","4.7","5","Yes","Yes"
"37","58","4.2","10","Yes","Yes"
"31","46","3.4","26","Yes","Yes"
"44","92","4.4","11","Yes","Yes"
"40","32","4.2","17","Yes","Yes"
"27","90","4.5","44","Yes","Yes"
"47","23","2.8","44","Yes","Yes"
"41","25","3.3","21","Yes","Yes"
"51","54","4.6","49","Yes","Yes"
"53","72","2.5","27","Yes","Yes"
"43","33","4.7","19","Yes","Yes"
"67","43","4.6","33","Yes","Yes"
"61","51","2.6","46","Yes","Yes"
"68","85","4.0","21","Yes","Yes"
"67","100","2.6","23","Yes","Yes"
"29","72","4.6","38","Yes","Yes"
"50","57","2.6","2","Yes","Yes"
"61","94","4.0","21","Yes","Yes"
"19","34","4.6","1","Yes","Yes"
"33","89","3.7","10","Yes","Yes"
"51","27","4.4","45","Yes","Yes"
"69","63","4.0","44","Yes","Yes"
"19","70","4.7","48","Yes","Yes"
"55","87","3.4","21","Yes","Yes"
"49","79","4.0","1","Yes","Yes"
"31","79","3.9","10","Yes","Yes"
"42","44","4.1","24","Yes","Yes"
"69","85","3.7","29","Yes","Yes"
"26","90","4.7","11","Yes","Yes"
"41","94","4.3","33","Yes","Yes"
"55","68","4.1","27","Yes","Yes"
"35","51","3.9","19","Yes","Yes"
"66","33","2.9","50","Yes","Yes"
"36","60","3.9","46","Yes","Yes"
"27","59","4.3","28","Yes","Yes"
"41","30","2.8","14","Yes","Yes"
"21","20","3.4","46","Yes","Yes"
"53","20","2.7","41","Yes","Yes"
"54","24","4.0","50","Yes","Yes"
"53","88","4.4","28","Yes","Yes"
"47","78","3.9","23","Yes","Yes"
"64","25","2.8","14","Yes","Yes"
"18","57","3.2","10","Yes","Yes"
"68","93","4.3","37","Yes","Yes"
"62","42","4.2","15","Yes","Yes"
"51","54","4.9","19","Yes","Yes"
"54","70","3.7","23","Yes","Yes"
"22","31","4.1","35","Yes","Yes"
"53","93","4.2","33","Yes","Yes"
"34","40","3.9","12","Yes","Yes"
"32","32","2.9","41","Yes","Yes"
"64","27","3.1","27","Yes","Yes"
"20","68","3.6","45","Yes","Yes"
"24","59","4.4","23","Yes","Yes"
"20","36","3.1","19","Yes","Yes"
"42","23","3.9","6","Yes","Yes"
"48","80","4.3","6","Yes","Yes"
"62","37","4.9","20","Yes","Yes"
"62","52","3.6","8","Yes","Yes"
"50","79","5.0","39","Yes","Yes"
"57","68","4.1","39","Yes","Yes"
"24","98","2.8","39","Yes","Yes"
"59","83","4.7","23","Yes","Yes"
"63","83","4.4","41","Yes","Yes"
"41","55","4.9","50","Yes","Yes"
"35","26","3.1","30","Yes","Yes"
"34","76","2.6","32","Yes","Yes"
"49","85","2.9","35","Yes","Yes"
"43","89","3.3","45","Yes","Yes"
"63","41","4.8","37","Yes","Yes"
"38","30","4.7","45","Yes","Yes"
"59","53","3.3","29","Yes","Yes"
"35","66","4.2","27","Yes","Yes"
"48","33","4.7","36","Yes","Yes"
"64","86","2.6","9","Yes","Yes"
"28","60","2.9","38","Yes","Yes"
"60","62","2.7","41","Yes","Yes"
"27","74","3.3","25","Yes","Yes"
"56","95","3.4","37","Yes","Yes"
"58","25","4.2","3","Yes","Yes"
"30","59","3.8","24","Yes","Yes"
"23","29","4.0","49","Yes","Yes"
"33","36","2.7","3","Yes","Yes"
"63","82","4.7","42","Yes","Yes"
"70","71","3.5","32","Yes","Yes"
"70","35","3.0","33","Yes","Yes"
"19","38","3.3","46","Yes","Yes"
"25","59","4.7","44","Yes","Yes"
"19","91","4.7","35","Yes","Yes"
"25","68","4.8","45","Yes","Yes"
"60","21","2.9","37","Yes","Yes"
"35","95","4.0","40","Yes","Yes"
"46","52","3.1","30","Yes","Yes"
"41","21","3.5","38","Yes","Yes"
"30","67","3.7","15","Yes","Yes"
"44","42","2.8","49","Yes","Yes"
"61","63","4.6","40","Yes","Yes"
"55","41","3.8","40","Yes","Yes"
"50","46","2.6","5","Yes","Yes"
"57","79","4.1","5","Yes","Yes"
"51","90","3.3","5","Yes","Yes"
"18","71","3.4","1","Yes","Yes"
"63","87","3.0","21","Yes","Yes"
"34","66","3.2","18","Yes","Yes"
"25","90","4.5","49","Yes","Yes"
"46","47","4.8","27","Yes","Yes"
"59","38","3.7","21","Yes","Yes"
"37","50","3.4","19","Yes","Yes"
"49","79","4.6","23","Yes","Yes"
"22","91","4.1","26","Yes","Yes"
"64","60","3.5","13","Yes","Yes"
"42","81","3.8","36","Yes","Yes"
"37","90","2.6","39","Yes","Yes"
"26","70","4.4","40","Yes","Yes"
"33","63","2.6","37","Yes","Yes"
"30","29","3.6","9","Yes","Yes"
"21","90","4.2","7","Yes","Yes"
"22","22","4.6","25","Yes","Yes"
"63","22","3.3","42","Yes","Yes"
"33","62","3.4","19","Yes","Yes"
"43","57","4.4","41","Yes","Yes"
"27","32","4.3","50","Yes","Yes"
"35","53","3.5","43","Yes","Yes"
"37","79","4.7","36","Yes","Yes"
"61","61","3.1","33","Yes","Yes"
"32","78","3.6","20","Yes","Yes"
"62","97","4.8","37","Yes","Yes"
"29","78","3.7","12","Yes","Yes"
"41","56","3.2","46","Yes","Yes"
"48","25","3.9","28","Yes","Yes"
"43","28","3.5","30","Yes","Yes"
"34","57","2.8","28","Yes","Yes"
"45","36","2.7","20","Yes","Yes"
"65","69","3.1","39","Yes","Yes"
"61","48","3.6","48","Yes","Yes"
"18","58","2.9","32","Yes","Yes"
"47","24","3.6","28","Yes","Yes"
"56","31","3.5","27","Yes","Yes"
"64","29","3.5","26","Yes","Yes"
"26","69","2.8","22","Yes","Yes"
"22","79","4.7","23","Yes","Yes"
"64","39","3.1","21","Yes","Yes"
"21","84","4.9","36","Yes","Yes"
"67","66","4.1","42","Yes","Yes"
"46","92","4.7","4","Yes","Yes"
"40","45","2.5","47","Yes","Yes"
"51","74","4.4","13","Yes","Yes"
"35","39","3.9","8","Yes","Yes"
"56","71","3.7","11","Yes","Yes"
"25","95","3.4","5","Yes","Yes"
"65","72","4.8","1","Yes","Yes"
"39","85","4.2","17","Yes","Yes"
"47","54","3.4","27","Yes","Yes"
"36","41","2.9","3","Yes","Yes"
"66","24","3.3","22","Yes","Yes"
"62","99","4.8","24","Yes","Yes"
"41","32","3.8","18","Yes","Yes"
"66","71","4.6","39","Yes","Yes"
"51","49","2.6","25","Yes","Yes"
"33","50","3.4","6","Yes","Yes"
"57","91","4.2","26","Yes","Yes"
"45","46","3.9","43","Yes","Yes"
"61","50","2.9","6","Yes","Yes"
"55","39","4.2","6","Yes","Yes"
"54","99","3.0","13","Yes","Yes"
"57","48","3.6","13","Yes","Yes"
"27","77","2.5","11","Yes","Yes"
"64","95","2.6","45","Yes","Yes"
"52","100","4.3","8","Yes","Yes"
"19","54","3.3","8","Yes","Yes"
"22","68","2.6","34","Yes","Yes"
"18","22","3.6","40","Yes","Yes"
"29","84","2.6","14","Yes","Yes"
"42","46","3.5","11","Yes","Yes"
"49","53","3.0","8","Yes","Yes"
"49","60","5.0","8","Yes","Yes"
"55","32","2.5","37","Yes","Yes"
"29","50","2.9","23","Yes","Yes"
"60","94","4.6","38","Yes","Yes"
"34","26","3.6","38","Yes","Yes"
"30","44","3.0","12","Yes","Yes"
"28","57","4.5","15","Yes","Yes"
"63","65","4.5","38","Yes","Yes"
"31","72","3.2","41","Yes","Yes"
"46","62","4.0","37","Yes","Yes"
"70","21","4.8","16","Yes","Yes"
"53","85","3.7","25","Yes","Yes"
"50","51","3.8","18","Yes","Yes"
"33","84","2.7","4","Yes","Yes"
"22","37","4.9","12","Yes","Yes"
"50","44","3.1","35","Yes","Yes"
"34","45","4.2","45","Yes","Yes"
"24","35","3.8","16","Yes","Yes"
"69","50","4.2","10","Yes","Yes"
"39","26","4.6","34","Yes","Yes"
"42","78","4.0","43","Yes","Yes"
"42","82","4.0","38","Yes","Yes"
"29","39","3.8","48","Yes","Yes"
"55","55","3.3","31","Yes","Yes"
"32","20","2.6","20","Yes","Yes"
"25","29","4.9","12","Yes","Yes"
"38","41","3.5","2","Yes","Yes"
"32","38","2.8","30","Yes","Yes"
"43","47","2.6","28","Yes","Yes"
"41","30","3.7","40","Yes","Yes"
"56","56","2.7","46","Yes","Yes"
"27","89","3.3","15","Yes","Yes"
"46","96","4.6","38","Yes","Yes"
"48","81","4.9","30","Yes","Yes"
"52","83","4.9","32","Yes","Yes"
"18","35","2.7","36","Yes","Yes"
"64","56","3.2","32","Yes","Yes"
"54","45","2.9","14","Yes","Yes"
"31","62","3.8","8","Yes","Yes"
"30","84","3.0","27","Yes","Yes"
"26","24","3.9","24","Yes","Yes"
"25","21","4.7","30","Yes","Yes"
"59","91","4.9","34","Yes","Yes"
"55","36","4.8","28","Yes","Yes"
"56","39","2.5","27","Yes","Yes"
"62","39","3.9","31","Yes","Yes"
"35","59","3.4","23","Yes","Yes"
"51","27","2.5","11","Yes","Yes"
"61","94","3.0","48","Yes","Yes"
"27","94","3.6","17","Yes","Yes"
"54","94","3.6","36","Yes","Yes"
"31","51","4.1","33","Yes","Yes"
"24","62","3.7","27","Yes","Yes"
"42","57","3.1","14","Yes","Yes"
"41","76","4.2","5","Yes","Yes"
"66","63","4.3","47","Yes","Yes"
"58","80","2.5","28","Yes","Yes"
"43","68","3.5","11","Yes","Yes"
"52","89","3.1","18","Yes","Yes"
"35","26","2.5","21","Yes","Yes"
"23","90","3.9","22","Yes","Yes"
"25","28","4.9","33","Yes","Yes"
"33","29","4.3","49","Yes","Yes"
"48","31","2.6","10","Yes","Yes"
"42","24","4.2","18","Yes","Yes"
"55","88","2.6","28","Yes","Yes"
"59","87","3.6","25","Yes","Yes"
"65","80","3.2","6","Yes","Yes"
"59","48","4.4","44","Yes","Yes"
"31","21","3.7","30","Yes","Yes"
"49","72","3.7","42","Yes","Yes"
"53","44","4.1","30","Yes","Yes"
"48","73","3.6","33","Yes","Yes"
"23","61","4.3","24","Yes","Yes"
"68","20","2.6","13","Yes","Yes"
"35","86","2.9","19","Yes","Yes"
"34","60","4.2","23","Yes","Yes"
"62","43","4.0","35","Yes","Yes"
"21","44","4.3","22","Yes","Yes"
"70","76","3.0","14","Yes","Yes"
"55","33","3.5","47","Yes","Yes"
"43","60","3.0","50","Yes","Yes"
"19","26","3.1","33","Yes","Yes"
"47","73","4.0","7","Yes","Yes"
"26","87","4.1","3","Yes","Yes"
"46","100","3.3","35","Yes","Yes"
"19","84","4.9","13","Yes","Yes"
"49","41","3.9","42","Yes","Yes"
"51","59","3.9","5","Yes","Yes"
"64","26","4.8","23","Yes","Yes"
"67","69","2.7","11","Yes","Yes"
"37","20","3.1","23","Yes","Yes"
"40","83","3.2","2","Yes","Yes"
"38","54","2.7","33","Yes","Yes"
"66","66","2.5","6","Yes","Yes"
"47","42","2.6","45","Yes","Yes"
"56","33","2.9","25","Yes","Yes"
"51","77","4.2","24","Yes","Yes"
"25","65","4.4","10","Yes","Yes"
"37","39","4.1","7","Yes","Yes"
"41","51","3.8","1","Yes","Yes"
"64","65","4.9","45","Yes","Yes"
"23","89","4.9","37","Yes","Yes"
"62","76","4.1","14","Yes","Yes"
"39","75","3.1","25","Yes","Yes"
"52","61","2.7","18","Yes","Yes"
"50","35","3.8","37","Yes","Yes"
"28","37","4.3","30","Yes","Yes"
"67","91","4.1","34","Yes","Yes"
"41","99","4.4","49","Yes","Yes"
"19","54","3.6","48","Yes","Yes"
"70","47","3.3","33","Yes","Yes"
"49","77","3.6","44","Yes","Yes"
"59","84","2.8","50","Yes","Yes"
"52","51","4.3","47","Yes","Yes"
"20","26","3.9","24","Yes","Yes"
"31","64","2.7","43","Yes","Yes"
"33","51","4.7","14","Yes","Yes"
"44","60","3.8","3","Yes","Yes"
"40","69","4.7","33","Yes","Yes"
"69","29","4.7","38","Yes","Yes"
"29","91","3.4","46","Yes","Yes"
"54","70","3.5","19","Yes","Yes"
"65","58","4.0","20","Yes","Yes"
"54","98","3.3","42","Yes","Yes"
"60","68","4.7","34","Yes","Yes"
"43","44","2.8","5","Yes","Yes"
"44","45","3.3","3","Yes","Yes"
"69","99","2.9","46","Yes","Yes"
"46","68","2.8","16","Yes","Yes"
"41","56","4.2","21","Yes","Yes"
"32","43","4.4","34","Yes","Yes"
"26","99","3.6","9","Yes","Yes"
"61","56","2.7","36","Yes","Yes"
"49","25","3.4","22","Yes","Yes"
"53","74","2.8","2","Yes","Yes"
"24","56","3.4","32","Yes","Yes"
"37","47","2.6","29","Yes","Yes"
"43","67","4.1","27","Yes","Yes"
"31","22","2.9","33","Yes","Yes"
"49","34","2.7","16","Yes","Yes"
"69","64","3.7","11","Yes","Yes"
"65","42","4.3","11","Yes","Yes"
"41","82","2.6","17","Yes","Yes"
"37","81","4.3","37","Yes","Yes"
"70","24","4.1","18","Yes","Yes"
"63","60","4.2","13","Yes","Yes"
"55","24","4.2","7","Yes","Yes"
"52","78","3.1","37","Yes","Yes"
"22","88","4.9","8","Yes","Yes"
"54","63","4.4","11","Yes","Yes"
"28","78","4.4","8","Yes","Yes"
"67","37","3.4","31","Yes","Yes"
"59","94","4.5","26","Yes","Yes"
"26","78","4.5","20","Yes","Yes"
"24","36","4.1","24","Yes","Yes"
"62","24","3.2","45","Yes","Yes"
"70","84","2.7","33","Yes","Yes"
"45","47","3.7","21","Yes","Yes"
"58","51","2.6","2","Yes","Yes"
"31","84","2.7","28","Yes","Yes"
"32","24","2.7","18","Yes","Yes"
"36","97","4.8","21","Yes","Yes"
"25","89","4.8","24","Yes","Yes"
"48","44","2.6","15","Yes","Yes"
"39","35","4.5","38","Yes","Yes"
"26","91","3.2","38","Yes","Yes"
"32","63","3.8","13","Yes","Yes"
"54","97","4.8","39","Yes","Yes"
"38","38","4.1","8","Yes","Yes"
"46","24","2.8","4","Yes","Yes"
"57","32","3.9","6","Yes","Yes"
"49","90","4.9","11","Yes","Yes"
"33","36","3.4","49","Yes","Yes"
"54","37","4.1","30","Yes","Yes"
"47","51","2.9","34","Yes","Yes"
"36","71","3.1","28","Yes","Yes"
"68","50","3.6","36","Yes","Yes"
"60","74","3.5","18","Yes","Yes"
"55","75","3.4","4","Yes","Yes"
"29","99","2.9","42","Yes","Yes"
"38","23","4.7","11","Yes","Yes"
"70","53","4.4","31","Yes","Yes"
"36","99","2.6","12","Yes","Yes"
"18","48","4.4","20","Yes","Yes"
"62","72","3.7","37","Yes","Yes"
"29","64","4.4","26","Yes","Yes"
"21","63","2.5","14","Yes","Yes"
"42","51","2.6","12","Yes","Yes"
"43","55","5.0","10","Yes","Yes"
"58","55","4.9","19","Yes","Yes"
"27","26","3.7","4","Yes","Yes"
"57","67","3.1","48","Yes","Yes"
"40","31","3.2","37","Yes","Yes"
"45","66","4.4","4","Yes","Yes"
"47","67","4.3","15","Yes","Yes"
"61","61","3.0","33","Yes","Yes"
"60","75","3.5","30","Yes","Yes"
"69","90","3.6","23","Yes","Yes"
"58","40","3.8","2","Yes","Yes"
"34","90","3.6","50","Yes","Yes"
"20","20","4.6","34","Yes","Yes"
"56","40","2.5","33","Yes","Yes"
"64","33","3.5","34","Yes","Yes"
"56","98","4.0","39","Yes","Yes"
"27","42","3.5","47","Yes","Yes"
"35","62","3.2","37","Yes","Yes"
"24","45","3.5","40","Yes","Yes"
"26","78","3.4","8","Yes","Yes"
"32","80","5.0","12","Yes","Yes"
"54","96","4.5","36","Yes","Yes"
"62","47","2.8","48","Yes","Yes"
"50","84","4.9","47","Yes","Yes"
"70","31","3.1","2","Yes","Yes"
"48","63","4.8","24","Yes","Yes"
"20","97","2.7","40","Yes","Yes"
"46","99","4.6","50","Yes","Yes"
"51","90","4.4","25","Yes","Yes"
"53","68","3.2","20","Yes","Yes"
"44","80","3.0","10","Yes","Yes"
"29","91","4.9","32","Yes","Yes"
"64","30","3.6","31","Yes","Yes"
"51","90","3.8","48","Yes","Yes"
"50","28","2.9","23","Yes","Yes"
"43","46","3.9","1","Yes","Yes"
"61","60","3.6","4","Yes","Yes"
"55","59","3.5","3","Yes","Yes"
"56","68","4.0","3","Yes","Yes"
"33","79","4.8","44","Yes","Yes"
"43","94","3.9","5","Yes","Yes"
"21","83","4.5","50","Yes","Yes"
"58","62","4.8","2","Yes","Yes"
"41","85","2.6","29","Yes","Yes"
"39","30","3.1","11","Yes","Yes"
"54","24","4.7","37","Yes","Yes"
"43","25","2.9","32","Yes","Yes"
"28","37","3.8","27","Yes","Yes"
"59","69","3.8","31","Yes","Yes"
"28","97","3.0","36","Yes","Yes"
"68","24","4.1","34","Yes","Yes"
"20","30","3.4","15","Yes","Yes"
"21","53","2.5","14","Yes","Yes"
"50","70","4.9","46","Yes","Yes"
"32","76","2.8","33","Yes","Yes"
"24","95","4.5","41","Yes","Yes"
"55","51","4.9","39","Yes","Yes"
"61","41","4.9","7","Yes","Yes"
"61","71","3.5","29","Yes","Yes"
"28","66","3.5","18","Yes","Yes"
"60","84","4.9","15","Yes","Yes"
"49","95","3.0","39","Yes","Yes"
"33","90","2.8","11","Yes","Yes"
"45","36","3.7","4","Yes","Yes"
"29","22","3.6","33","Yes","Yes"
"58","89","3.3","37","Yes","Yes"
"22","50","3.4","32","Yes","Yes"
"55","36","4.0","44","Yes","Yes"
"19","52","4.6","41","Yes","Yes"
"68","29","4.2","44","Yes","Yes"
"61","89","2.8","32","Yes","Yes"
"68","47","3.7","13","Yes","Yes"
"52","25","3.4","48","Yes","Yes"
"41","74","3.0","3","Yes","Yes"
"29","46","4.8","39","Yes","Yes"
"68","22","4.0","7","Yes","Yes"
"36","25","4.9","11","Yes","Yes"
"55","80","4.9","47","Yes","Yes"
"28","76","3.3","28","Yes","Yes"
"39","30","4.4","17","Yes","Yes"
"54","79","3.5","11","Yes","Yes"
"40","22","4.2","12","Yes","Yes"
"31","36","4.2","7","Yes","Yes"
"30","77","2.7","19","Yes","Yes"
"45","33","2.8","24","Yes","Yes"
"48","64","3.8","19","Yes","Yes"
"45","53","2.6","39","Yes","Yes"
"60","36","3.0","1","Yes","Yes"
"59","70","3.3","10","Yes","No"
"18","96","4.9","48","Yes","No"
"70","27","3.3","24","Yes","No"
"20","64","2.9","42","Yes","No"
"65","23","4.4","20","Yes","No"
"29","33","3.1","49","Yes","No"
"22","34","2.5","25","Yes","No"
"27","35","2.6","21","Yes","No"
"36","62","4.4","12","Yes","No"
"59","75","2.6","21","Yes","No"
"62","29","3.3","35","Yes","No"
"34","28","3.5","42","Yes","No"
"59","20","4.1","3","Yes","No"
"49","96","4.0","11","Yes","No"
"18","43","2.7","22","Yes","No"
"55","94","2.5","47","Yes","No"
"38","81","4.3","33","Yes","No"
"50","75","3.3","50","Yes","No"
"61","81","2.6","46","Yes","No"
"48","92","3.5","34","Yes","No"
"22","96","4.0","33","Yes","No"
"48","71","2.6","45","Yes","No"
"57","50","4.9","32","Yes","No"
"33","72","2.9","47","Yes","No"
"58","28","3.7","5","Yes","No"
"37","59","4.4","49","Yes","No"
"18","33","4.4","48","Yes","No"
"65","59","3.8","22","Yes","No"
"62","30","4.5","45","Yes","No"
"54","85","2.6","30","Yes","No"
"35","97","3.3","43","Yes","No"
"34","36","4.1","48","Yes","No"
"25","85","3.0","23","Yes","No"
"53","62","3.0","27","Yes","No"
"45","71","3.4","7","Yes","No"
"49","21","2.7","2","Yes","No"
"40","61","3.8","33","Yes","No"
"38","58","4.2","27","Yes","No"
"44","80","4.7","6","Yes","No"
"68","50","4.1","20","Yes","No"
"60","48","4.2","46","Yes","No"
"25","40","4.8","25","Yes","No"
"19","34","3.0","30","Yes","No"
"57","46","2.6","48","Yes","No"
"58","27","3.2","47","Yes","No"
"49","98","3.6","27","Yes","No"
"19","73","2.6","45","Yes","No"
"50","28","4.4","2","Yes","No"
"30","76","3.0","39","Yes","No"
"52","83","2.9","24","Yes","No"
"35","23","4.3","8","Yes","No"
"35","28","3.1","8","Yes","No"
"33","83","3.0","6","Yes","No"
"52","96","3.6","12","Yes","No"
"69","62","2.8","26","Yes","No"
"27","25","2.8","50","Yes","No"
"66","97","4.9","2","Yes","No"
"28","61","3.0","31","Yes","No"
"22","66","4.1","4","Yes","No"
"69","67","4.6","32","Yes","No"
"28","80","4.8","11","Yes","No"
"55","25","2.6","47","Yes","No"
"30","58","4.0","37","Yes","No"
"67","96","4.2","39","Yes","No"
"25","77","4.5","24","Yes","No"
"49","65","4.9","11","Yes","No"
"34","36","3.1","36","Yes","No"
"22","84","4.0","40","Yes","No"
"63","58","3.2","25","Yes","No"
"70","62","4.3","12","Yes","No"
"36","67","2.5","38","Yes","No"
"42","20","4.9","40","Yes","No"
"27","90","2.7","10","Yes","No"
"23","58","3.4","47","Yes","No"
"50","53","4.8","22","Yes","No"
"56","30","4.7","35","Yes","No"
"37","65","4.7","46","Yes","No"
"67","41","3.9","30","Yes","No"
"67","73","3.7","20","Yes","No"
"50","98","4.3","25","Yes","No"
"36","36","4.1","29","Yes","No"
"62","81","4.6","2","Yes","No"
"65","90","3.6","32","Yes","No"
"23","83","4.8","37","Yes","No"
"46","91","2.8","16","Yes","No"
"18","36","4.7","32","Yes","No"
"58","53","3.9","42","Yes","No"
"31","39","2.6","6","Yes","No"
"39","33","4.7","23","Yes","No"
"69","76","3.5","27","Yes","No"
"68","23","4.4","43","Yes","No"
"41","54","4.4","25","Yes","No"
"31","89","3.0","30","Yes","No"
"48","38","4.2","7","Yes","No"
"59","36","4.3","17","Yes","No"
"34","66","2.6","10","Yes","No"
"21","42","3.3","40","Yes","No"
"29","36","2.7","50","Yes","No"
"41","86","4.2","24","Yes","No"
"62","49","4.0","8","Yes","No"
"27","41","4.0","6","Yes","No"
"49","82","2.9","44","Yes","No"
"67","53","2.6","47","Yes","No"
"20","21","4.8","6","Yes","No"
"37","66","4.4","11","Yes","No"
"69","89","4.0","41","Yes","No"
"66","55","3.6","46","Yes","No"
"37","42","3.2","9","Yes","No"
"63","52","3.1","37","Yes","No"
"47","92","4.2","13","Yes","No"
"26","56","3.0","24","Yes","No"
"68","96","4.2","47","Yes","No"
"51","64","2.9","21","Yes","No"
"48","48","3.7","22","Yes","No"
"60","83","3.6","16","Yes","No"
"68","91","3.6","37","Yes","No"
"25","94","4.5","3","Yes","No"
"57","62","3.2","33","Yes","No"
"41","55","3.9","15","Yes","No"
"59","68","4.6","42","Yes","No"
"44","76","2.5","42","Yes","No"
"42","31","4.3","19","Yes","No"
"35","81","4.1","26","Yes","No"
"36","83","4.6","39","Yes","No"
"54","21","4.8","24","Yes","No"
"37","22","4.9","23","Yes","No"
"20","33","2.8","44","Yes","No"
"23","23","4.9","34","Yes","No"
"61","96","3.5","43","Yes","No"
"37","21","3.8","45","Yes","No"
"23","39","4.5","4","Yes","No"
"63","73","3.4","19","Yes","No"
"47","64","3.9","29","Yes","No"
"63","68","4.1","27","Yes","No"
"56","89","3.0","37","Yes","No"
"68","29","3.3","11","Yes","No"
"64","97","4.9","28","Yes","No"
"62","45","4.3","31","Yes","No"
"34","70","4.1","50","Yes","No"
"49","56","4.0","42","Yes","No"
"40","55","5.0","18","Yes","No"
"50","46","3.1","6","Yes","No"
"25","95","4.0","33","Yes","No"
"30","88","3.2","13","Yes","No"
"54","92","3.9","26","Yes","No"
"40","49","3.9","17","Yes","No"
"49","89","4.5","3","Yes","No"
"27","22","4.4","7","Yes","No"
"27","61","3.1","46","Yes","No"
"48","29","2.9","14","Yes","No"
"40","82","3.7","23","Yes","No"
"67","94","3.2","20","Yes","No"
"52","99","3.5","38","Yes","No"
"22","59","3.0","16","Yes","No"
"62","90","4.1","48","Yes","No"
"20","100","2.9","8","Yes","No"
"41","62","3.8","16","Yes","No"
"34","78","4.1","5","Yes","No"
"23","94","4.6","14","Yes","No"
"32","74","2.5","18","Yes","No"
"68","52","3.7","14","Yes","No"
"30","81","3.8","5","Yes","No"
"66","20","2.6","15","Yes","No"
"62","32","3.7","3","Yes","No"
"50","63","2.6","12","Yes","No"
"55","79","3.1","43","Yes","No"
"19","23","2.5","35","Yes","No"
"67","64","4.9","36","Yes","No"
"18","69","4.5","3","Yes","No"
"58","69","3.4","27","Yes","No"
"69","24","3.9","21","Yes","No"
"62","50","3.7","18","Yes","No"
"28","97","2.6","16","Yes","No"
"53","91","3.4","18","Yes","No"
"27","37","4.9","19","Yes","No"
"55","55","3.9","1","Yes","No"
"34","52","3.6","39","Yes","No"
"25","80","4.6","49","Yes","No"
"66","79","4.0","43","Yes","No"
"57","23","3.6","31","Yes","No"
"46","73","3.5","40","Yes","No"
"38","99","4.1","2","Yes","No"
"23","22","3.0","46","Yes","No"
"42","68","4.4","35","Yes","No"
"25","92","4.4","42","Yes","No"
"55","77","3.7","3","Yes","No"
"62","37","4.8","32","Yes","No"
"41","79","2.9","48","Yes","No"
"58","51","3.1","34","Yes","No"
"56","27","4.0","15","Yes","No"
"25","23","3.0","22","Yes","No"
"70","76","3.9","2","Yes","No"
"42","31","3.4","30","Yes","No"
"27","60","2.7","27","Yes","No"
"65","99","3.5","18","Yes","No"
"62","37","3.0","8","Yes","No"
"62","50","4.5","48","Yes","No"
"52","26","4.1","24","Yes","No"
"56","86","5.0","43","Yes","No"
"28","41","4.0","8","Yes","No"
"39","23","4.9","49","Yes","No"
"54","56","3.3","2","Yes","No"
"30","68","4.1","38","Yes","No"
"45","48","3.6","4","Yes","No"
"68","67","3.0","31","Yes","No"
"47","87","4.1","34","Yes","No"
"68","64","3.9","45","Yes","No"
"63","93","4.1","30","Yes","No"
"20","29","2.8","2","Yes","No"
"29","62","4.8","44","Yes","No"
"41","70","4.6","1","Yes","No"
"52","92","2.5","1","Yes","No"
"32","79","2.7","27","Yes","No"
"20","31","4.0","14","Yes","No"
"47","83","2.7","41","Yes","No"
"23","88","2.9","25","Yes","No"
"43","53","3.0","47","Yes","No"
"67","98","3.3","20","Yes","No"
"70","57","4.3","42","Yes","No"
"35","80","4.4","16","Yes","No"
"41","29","4.1","32","Yes","No"
"54","73","3.1","37","Yes","No"
"55","32","4.5","1","Yes","No"
"51","68","4.8","37","Yes","No"
"19","97","5.0","5","Yes","No"
"28","98","2.8","31","Yes","No"
"63","56","3.7","18","Yes","No"
"30","78","4.4","39","Yes","No"
"29","81","4.5","8","Yes","No"
"24","68","3.0","20","Yes","No"
"69","94","3.9","23","Yes","No"
"65","93","3.9","38","Yes","No"
"64","99","3.5","45","Yes","No"
"40","49","4.9","44","Yes","No"
"24","28","3.4","20","Yes","No"
"66","93","4.1","34","Yes","No"
"35","24","2.9","10","Yes","No"
"67","35","3.4","3","Yes","No"
"69","68","3.2","23","Yes","No"
"26","61","3.9","42","Yes","No"
"23","74","4.1","30","Yes","No"
"27","64","4.5","21","Yes","No"
"30","60","2.8","50","Yes","No"
"48","29","2.8","16","Yes","No"
"44","85","4.6","32","Yes","No"
"29","81","3.0","14","Yes","No"
"29","23","3.6","42","Yes","No"
"67","100","4.5","47","Yes","No"
"42","54","5.0","21","Yes","No"
"23","25","2.9","37","Yes","No"
"34","32","3.1","10","Yes","No"
"64","63","4.0","18","Yes","No"
"31","56","4.5","2","Yes","No"
"54","33","4.5","40","Yes","No"
"23","32","3.1","43","Yes","No"
"59","38","4.4","14","Yes","No"
"32","21","4.7","41","Yes","No"
"43","59","3.1","38","Yes","No"
"32","87","4.2","12","Yes","No"
"66","79","3.0","19","Yes","No"
"70","28","2.6","23","Yes","No"
"42","67","3.4","49","Yes","No"
"56","75","4.2","29","Yes","No"
"28","32","4.6","14","Yes","No"
"28","43","2.8","19","Yes","No"
"52","93","2.7","19","Yes","No"
"65","24","4.0","48","Yes","No"
"56","31","3.1","19","Yes","No"
"59","84","3.7","45","Yes","No"
"23","74","4.0","17","Yes","No"
"58","62","4.6","15","Yes","No"
"39","77","3.8","11","Yes","No"
"28","73","3.5","1","Yes","No"
"40","50","4.6","17","Yes","No"
"52","40","2.8","37","Yes","No"
"37","97","3.7","40","Yes","No"
"70","63","3.3","50","Yes","No"
"30","65","2.9","20","Yes","No"
"38","91","3.2","8","Yes","No"
"66","60","4.3","16","Yes","No"
"29","69","2.7","9","Yes","No"
"46","52","4.2","12","Yes","No"
"56","49","4.8","26","Yes","No"
"23","85","4.8","44","Yes","No"
"37","86","3.4","19","Yes","No"
"56","51","2.6","43","Yes","No"
"36","56","5.0","5","Yes","No"
"40","72","4.4","5","Yes","No"
"26","27","2.9","31","Yes","No"
"57","43","3.4","11","Yes","No"
"68","56","3.4","34","Yes","No"
"56","37","4.9","14","Yes","No"
"40","21","3.6","42","Yes","No"
"44","91","3.0","15","Yes","No"
"44","95","3.9","47","Yes","No"
"19","54","3.2","23","Yes","No"
"21","36","3.2","23","Yes","No"
"31","71","4.3","1","Yes","No"
"30","31","2.8","28","Yes","No"
"65","89","4.5","37","Yes","No"
"39","83","4.1","4","Yes","No"
"64","42","3.6","21","Yes","No"
"59","91","3.0","50","Yes","No"
"49","61","4.0","34","Yes","No"
"24","66","3.5","20","Yes","No"
"19","22","2.5","25","Yes","No"
"27","68","4.3","26","Yes","No"
"56","43","2.8","4","Yes","No"
"49","32","3.7","39","Yes","No"
"41","46","4.3","29","Yes","No"
"36","90","4.0","47","Yes","No"
"68","75","4.7","5","Yes","No"
"28","69","4.5","18","Yes","No"
"45","40","3.1","10","Yes","No"
"60","63","3.8","25","Yes","No"
"21","36","4.9","2","Yes","No"
"32","75","3.2","48","Yes","No"
"27","67","2.9","41","Yes","No"
"40","64","2.8","42","Yes","No"
"64","61","4.0","44","Yes","No"
"18","40","2.6","6","Yes","No"
"22","97","2.7","5","Yes","No"
"42","31","4.1","8","Yes","No"
"57","65","5.0","24","Yes","No"
"33","54","3.0","42","Yes","No"
"37","49","3.6","24","Yes","No"
"21","64","2.8","38","Yes","No"
"51","35","4.6","41","Yes","No"
"30","86","2.9","48","Yes","No"
"68","55","4.8","16","Yes","No"
"36","58","3.3","4","Yes","No"
"46","96","4.6","8","Yes","No"
"41","64","2.6","1","Yes","No"
"68","56","4.0","4","Yes","No"
"21","85","3.8","20","Yes","No"
"62","23","3.9","40","Yes","No"
"59","72","2.6","8","Yes","No"
"25","38","4.3","42","Yes","No"
"53","29","3.6","38","Yes","No"
"31","46","4.2","34","Yes","No"
"46","58","3.9","14","Yes","No"
"26","43","4.7","39","Yes","No"
"47","32","2.8","40","Yes","No"
"37","30","3.0","49","Yes","No"
"55","67","4.7","33","Yes","No"
"30","45","2.5","25","Yes","No"
"19","81","3.1","48","Yes","No"
"36","23","3.6","22","Yes","No"
"23","59","3.5","1","Yes","No"
"62","21","3.1","47","Yes","No"
"26","20","3.6","20","Yes","No"
"36","28","3.5","10","Yes","No"
"33","100","2.7","39","Yes","No"
"32","46","3.6","15","Yes","No"
"56","61","4.5","11","Yes","No"
"58","58","4.1","38","Yes","No"
"34","50","4.2","41","Yes","No"
"61","93","4.0","18","Yes","No"
"48","24","2.8","13","Yes","No"
"25","100","2.6","43","Yes","No"
"51","79","2.7","12","Yes","No"
"29","51","4.5","3","Yes","No"
"54","90","3.7","12","Yes","No"
"48","56","3.4","46","Yes","No"
"62","25","4.6","21","Yes","No"
"18","75","4.1","23","Yes","No"
"43","75","2.6","4","Yes","No"
"22","53","4.6","45","Yes","No"
"68","100","3.0","24","Yes","No"
"44","27","3.4","3","Yes","No"
"51","60","3.5","12","Yes","No"
"66","23","3.5","34","Yes","No"
"59","40","3.7","39","Yes","No"
"60","38","4.8","35","Yes","No"
"31","90","4.9","8","Yes","No"
"20","97","4.9","42","Yes","No"
"24","38","4.7","6","Yes","No"
"48","30","4.9","3","Yes","No"
"39","88","2.9","29","Yes","No"
"34","33","4.4","32","Yes","No"
"70","60","3.2","45","Yes","No"
"59","64","4.6","21","Yes","No"
"45","95","4.0","41","Yes","No"
"35","83","3.7","23","Yes","No"
"69","97","4.2","14","Yes","No"
"58","38","2.9","24","Yes","No"
"25","48","4.8","25","Yes","No"
"27","76","4.4","13","Yes","No"
"34","25","3.4","3","Yes","No"
"53","92","2.8","42","Yes","No"
"58","47","4.2","2","Yes","No"
"32","36","3.8","26","Yes","No"
"64","51","3.1","24","Yes","No"
"63","35","3.2","6","Yes","No"
"23","57","3.0","25","Yes","No"
"64","95","3.6","11","Yes","No"
"18","41","2.5","20","Yes","No"
"25","44","3.4","25","Yes","No"
"54","34","2.5","35","Yes","No"
"60","25","4.7","11","Yes","No"
"36","93","3.2","41","Yes","No"
"66","50","2.9","17","Yes","No"
"60","79","4.9","1","Yes","No"
"59","100","2.7","30","Yes","No"
"58","57","4.7","47","Yes","No"
"35","28","2.9","34","Yes","No"
"20","35","4.8","18","Yes","No"
"70","85","4.6","33","Yes","No"
"54","95","5.0","42","Yes","No"
"38","90","4.8","2","Yes","No"
"54","49","4.9","1","Yes","No"
"33","92","4.6","23","Yes","No"
"46","72","3.9","42","Yes","No"
"58","71","4.5","3","Yes","No"
"30","27","4.7","16","Yes","No"
"42","39","3.9","46","Yes","No"
"28","98","4.4","31","Yes","No"
"43","27","3.9","15","Yes","No"
"31","71","2.8","48","Yes","No"
"39","24","3.5","11","Yes","No"
"69","63","4.3","20","Yes","No"
"31","72","3.9","6","Yes","No"
"44","61","4.0","24","Yes","No"
"39","56","4.1","18","Yes","No"
"24","32","4.3","1","Yes","No"
"28","23","4.2","13","Yes","No"
"48","100","4.0","2","Yes","No"
"39","74","3.6","26","Yes","No"
"64","33","3.3","31","Yes","No"
"28","67","4.1","43","Yes","No"
"39","61","4.7","12","Yes","No"
"49","46","4.4","22","Yes","No"
"22","56","3.4","3","Yes","No"
"25","73","5.0","23","Yes","No"
"40","44","4.6","26","Yes","No"
"23","44","4.0","37","Yes","No"
"24","26","4.1","42","Yes","No"
"66","52","4.9","15","Yes","No"
"27","54","2.7","10","Yes","No"
"62","38","4.5","3","Yes","No"
"70","44","2.7","44","Yes","No"
"43","76","3.0","23","Yes","No"
"45","23","4.5","6","Yes","No"
"63","98","5.0","9","Yes","No"
"69","33","3.8","16","Yes","No"
"59","32","3.1","46","Yes","No"
"19","85","3.4","24","Yes","No"
"63","69","4.8","22","Yes","No"
"37","55","2.7","13","Yes","No"
"37","66","3.2","20","Yes","No"
"50","30","3.9","46","Yes","No"
"60","80","4.2","10","Yes","No"
"46","20","3.0","39","Yes","No"
"35","30","3.0","44","Yes","No"
"66","86","3.7","7","Yes","No"
"35","84","4.4","3","Yes","No"
"20","54","4.6","44","Yes","No"
"55","30","3.0","31","Yes","No"
"34","91","3.6","48","Yes","No"
"60","23","3.9","18","Yes","No"
"22","35","4.1","27","Yes","No"
"26","90","3.9","1","Yes","No"
"39","93","3.9","34","Yes","No"
"20","68","4.5","5","Yes","No"
"57","41","3.4","12","Yes","No"
"68","73","4.1","14","Yes","No"
"50","73","4.9","40","Yes","No"
"21","66","4.4","39","Yes","No"
"29","59","2.7","50","Yes","No"
"38","72","4.8","5","Yes","No"
"54","88","3.3","35","Yes","No"
"22","76","4.4","6","Yes","No"
"29","31","4.6","22","Yes","No"
"41","22","3.1","27","Yes","No"
"26","75","4.5","33","Yes","No"
"69","75","4.0","47","Yes","No"
"20","63","3.1","48","Yes","No"
"59","21","3.9","22","Yes","No"
"63","83","4.5","8","Yes","No"
"68","46","4.4","5","Yes","No"
"50","59","3.6","16","Yes","No"
"55","66","3.4","26","Yes","No"
"36","74","4.0","8","Yes","No"
"18","82","2.6","17","Yes","No"
"68","89","3.2","50","Yes","No"
"56","65","3.2","22","Yes","No"
"32","55","5.0","19","Yes","No"
"28","95","2.9","14","Yes","No"
"24","77","2.9","35","Yes","No"
"59","44","3.5","43","Yes","No"
"56","89","4.0","24","Yes","No"
"30","24","3.9","17","Yes","No"
"48","43","4.9","49","Yes","No"
"60","51","3.8","17","Yes","No"
"46","46","3.5","40","Yes","No"
"69","32","3.7","43","Yes","No"
"19","55","2.9","19","Yes","No"
"66","26","2.8","40","Yes","No"
"64","29","3.7","13","Yes","No"
"54","49","3.0","20","Yes","No"
"27","45","4.8","21","Yes","No"
"64","48","2.7","18","Yes","No"
"43","47","4.5","44","Yes","No"
"43","57","2.7","26","Yes","No"
"27","34","3.5","34","Yes","No"
"35","75","3.5","24","Yes","No"
"43","94","4.5","23","Yes","No"
"57","84","3.8","3","Yes","No"
"50","38","3.8","2","Yes","No"
"37","75","3.2","23","Yes","No"
"68","44","4.3","8","Yes","No"
"22","33","4.5","30","Yes","No"
"58","93","4.2","48","Yes","No"
"48","99","3.0","21","Yes","No"
"30","33","4.1","9","Yes","No"
"51","76","4.6","8","Yes","No"
"20","63","2.9","29","Yes","No"
"30","41","4.8","3","Yes","No"
"28","88","4.5","11","Yes","No"
"37","92","3.4","16","Yes","No"
"36","31","4.3","25","Yes","No"
"18","25","4.2","32","Yes","No"
"52","28","3.6","28","Yes","No"
"56","75","3.7","36","Yes","No"
"68","34","4.0","7","Yes","No"
"62","97","4.9","2","Yes","No"
"35","80","3.1","6","Yes","No"
"65","71","3.7","30","Yes","No"
"69","77","4.2","46","Yes","No"
"28","41","2.5","39","Yes","No"
"37","92","4.3","8","Yes","No"
"41","95","3.1","46","Yes","No"
"37","25","3.0","40","Yes","No"
"25","77","4.0","21","Yes","No"
"41","99","3.5","33","Yes","No"
"48","24","3.2","3","Yes","No"
"42","72","2.7","48","Yes","No"
"54","80","3.0","8","Yes","No"
"18","100","2.9","24","Yes","No"
"56","83","3.3","10","Yes","No"
"61","95","4.9","25","Yes","No"
"40","41","3.7","3","Yes","No"
"34","35","3.5","45","Yes","No"
"42","30","4.7","15","Yes","No"
"43","21","2.6","34","Yes","No"
"47","85","4.1","21","Yes","No"
"48","54","2.8","22","Yes","No"
"20","26","4.7","24","Yes","No"
"65","59","2.9","33","Yes","No"
"54","48","2.8","13","Yes","No"
"23","98","4.3","17","Yes","No"
"18","92","4.8","25","Yes","No"
"70","46","3.4","15","Yes","No"
"55","21","4.3","4","Yes","No"
"49","72","2.7","43","Yes","No"
"26","58","4.6","12","Yes","No"
"33","93","4.1","3","Yes","No"
"20","31","3.4","1","Yes","No"
"41","26","4.5","6","Yes","No"
"18","68","4.4","26","Yes","No"
"26","31","4.0","6","Yes","No"
"30","41","3.4","22","Yes","No"
"64","62","3.2","45","Yes","No"
"26","41","3.4","50","Yes","No"
"43","64","4.3","50","Yes","No"
"63","72","5.0","39","Yes","No"
"57","78","3.5","50","Yes","No"
"25","47","3.1","27","Yes","No"
"68","46","3.9","38","Yes","No"
"31","43","4.0","37","Yes","No"
"64","58","3.5","50","Yes","No"
"38","32","3.6","40","Yes","No"
"34","45","3.0","3","Yes","No"
"32","35","2.6","45","Yes","No"
"69","21","2.9","8","Yes","No"
"45","64","3.1","7","Yes","No"
"35","88","3.3","13","Yes","No"
"63","48","2.9","29","Yes","No"
"65","36","3.9","7","Yes","No"
"35","28","4.7","50","Yes","No"
"54","80","4.4","33","Yes","No"
"28","23","3.6","30","Yes","No"
"68","24","3.2","40","Yes","No"
"58","22","4.0","49","Yes","No"
"35","21","3.5","32","Yes","No"
"68","51","4.6","18","Yes","No"
"41","65","3.3","50","Yes","No"
"65","51","4.0","13","Yes","No"
"50","32","3.4","1","Yes","No"
"18","70","4.2","16","Yes","No"
"38","77","3.9","6","Yes","No"
"68","90","3.9","21","Yes","No"
"53","36","2.8","36","Yes","No"
"58","77","3.7","20","Yes","No"
"34","78","4.9","8","Yes","No"
"36","69","2.6","22","Yes","No"
"58","63","4.9","3","Yes","No"
"60","36","3.4","46","Yes","No"
"59","80","3.9","42","Yes","No"
"65","35","4.0","1","Yes","No"
"31","93","3.0","29","Yes","No"
"43","25","2.6","14","Yes","No"
"37","81","3.2","4","Yes","No"
"21","42","2.6","41","Yes","No"
"69","36","3.2","4","Yes","No"
"32","66","4.1","47","Yes","No"
"53","37","3.9","44","Yes","No"
"59","45","4.1","37","Yes","No"
"64","86","2.7","21","Yes","No"
"63","24","4.6","46","Yes","No"
"43","22","3.5","1","Yes","No"
"19","53","5.0","35","Yes","No"
"40","41","3.4","49","Yes","No"
"51","64","3.1","47","Yes","No"
"51","40","3.4","24","Yes","No"
"66","33","4.0","28","Yes","No"
"42","59","2.7","22","Yes","No"
"22","73","3.6","20","Yes","No"
"31","22","4.0","25","Yes","No"
"18","73","3.8","15","Yes","No"
"21","62","3.4","49","Yes","No"
"35","56","3.2","10","Yes","No"
"35","90","4.7","21","Yes","No"
"27","44","3.1","34","Yes","No"
"65","35","3.3","41","No","No"
"41","71","4.8","30","No","No"
"60","52","4.5","24","No","No"
"61","37","3.4","6","No","No"
"24","95","3.7","14","No","No"
"65","97","4.9","37","No","No"
"23","57","3.5","37","No","No"
"30","93","4.6","28","No","No"
"33","48","4.6","43","No","No"
"22","75","4.2","25","No","No"
"67","70","3.7","4","No","No"
"28","26","3.0","13","No","No"
"32","73","4.6","32","No","No"
"40","30","3.2","1","No","No"
"64","61","3.5","4","No","No"
"56","75","2.6","33","No","No"
"63","88","4.9","45","No","No"
"20","67","2.7","20","No","No"
"54","95","4.7","1","No","No"
"31","69","4.0","7","No","No"
"36","87","3.5","48","No","No"
"25","41","4.8","46","No","No"
"20","67","4.0","34","No","No"
"62","70","4.1","36","No","No"
"69","41","3.8","44","No","No"
"54","83","5.0","48","No","No"
"39","22","4.0","12","No","No"
"56","20","3.9","19","No","No"
"39","29","3.4","49","No","No"
"37","87","3.0","25","No","No"
"25","81","4.9","25","No","No"
"35","58","3.2","1","No","No"
"45","83","3.8","19","No","No"
"19","59","3.8","7","No","No"
"21","93","4.7","19","No","No"
"65","87","3.8","9","No","No"
"49","22","4.6","37","No","No"
"30","71","4.4","15","No","No"
"23","69","3.4","30","No","No"
"69","47","4.7","30","No","No"
"29","50","2.9","16","No","No"
"54","96","3.4","14","No","No"
"45","39","3.2","8","No","No"
"25","84","2.8","40","No","No"
"34","28","4.3","24","No","No"
"46","51","3.3","14","No","No"
"70","20","3.3","39","No","No"
"42","72","3.3","21","No","No"
"45","33","3.0","32","No","No"
"57","28","2.8","45","No","No"
"49","53","4.0","19","No","No"
"23","48","4.3","1","No","No"
"47","21","3.8","12","No","No"
"23","22","4.2","26","No","No"
"21","87","3.1","12","No","No"
"45","50","2.6","36","No","No"
"67","85","3.4","22","No","No"
"31","98","3.1","16","No","No"
"58","34","3.6","31","No","No"
"57","61","2.6","43","No","No"
"42","98","4.2","50","No","No"
"60","61","2.9","37","No","No"
"21","98","4.2","23","No","No"
"69","21","3.3","10","No","No"
"41","51","3.6","20","No","No"
"51","80","4.3","18","No","No"
"23","72","3.3","3","No","No"
"57","63","3.0","23","No","No"
"40","27","3.6","27","No","No"
"65","44","3.1","44","No","No"
"61","23","2.9","41","No","No"
"34","93","3.9","41","No","No"
"43","70","3.2","36","No","No"
"31","85","3.1","38","No","No"
"57","40","3.2","34","No","No"
"34","29","3.3","14","No","No"
"25","27","4.8","23","No","No"
"66","93","3.8","18","No","No"
"56","20","4.6","45","No","No"
"49","55","2.8","14","No","No"
"19","94","3.6","48","No","No"
"27","56","4.3","17","No","No"
"68","58","4.0","1","No","No"
"20","44","3.5","39","No","No"
"21","95","4.9","24","No","No"
"36","42","3.1","41","No","No"
"37","93","3.9","28","No","No"
"61","56","3.0","34","No","No"
"68","88","4.1","41","No","No"
"60","54","4.3","27","No","No"
"69","89","3.8","46","No","No"
"25","45","3.9","2","No","No"
"32","75","4.3","45","No","No"
"53","22","4.3","34","No","No"
"46","82","4.7","9","No","No"
"58","34","3.1","1","No","No"
"21","92","2.7","17","No","No"
"46","78","3.7","6","No","No"
"18","47","3.3","12","No","No"
"56","64","3.4","10","No","No"
"18","44","4.7","4","No","No"
"49","94","4.9","8","No","No"
"29","62","4.3","41","No","No"
"67","81","4.2","49","No","No"
"31","33","3.7","49","No","No"
"52","88","2.7","40","No","No"
"42","49","3.3","30","No","No"
"32","31","4.8","4","No","No"
"47","29","4.1","22","No","No"
"45","34","4.6","22","No","No"
"20","38","4.9","10","No","No"
"66","41","3.1","23","No","No"
"52","34","3.0","43","No","No"
"50","26","3.7","31","No","No"
"62","98","4.0","38","No","No"
"38","59","3.0","22","No","No"
"65","92","3.8","45","No","No"
"60","40","3.7","21","No","No"
"68","20","4.0","9","No","No"
"62","35","3.1","34","No","No"
"62","35","3.9","26","No","No"
"40","82","3.7","1","No","No"
"32","48","3.9","47","No","No"
"22","58","2.7","30","No","No"
"33","57","3.9","48","No","No"
"57","96","2.6","31","No","No"
"60","97","3.5","33","No","No"
"30","42","4.4","39","No","No"
"41","62","4.9","46","No","No"
"58","67","3.9","24","No","No"
"34","46","3.5","37","No","No"
"67","71","4.3","7","No","No"
"58","99","3.4","6","No","No"
"41","28","2.7","16","No","No"
"42","77","3.6","33","No","No"
"50","63","4.9","18","No","No"
"40","62","3.5","24","No","No"
"32","92","3.8","24","No","No"
"51","72","4.5","48","No","No"
"26","79","4.0","4","No","No"
"32","27","4.7","20","No","No"
"58","39","3.8","47","No","No"
"51","86","4.5","50","No","No"
"19","94","5.0","31","No","No"
"57","53","2.8","29","No","No"
"66","85","4.4","4","No","No"
"62","50","4.7","40","No","No"
"58","47","3.8","31","No","No"
"23","75","4.9","41","No","No"
"45","60","4.2","44","No","No"
"20","36","4.9","31","No","No"
"33","80","3.9","45","No","No"
"30","96","4.9","50","No","No"
"50","80","4.8","7","No","No"
"62","71","3.3","5","No","No"
"69","29","4.6","48","No","No"
"34","53","4.5","19","No","No"
"49","35","4.1","39","No","No"
"65","75","3.2","45","No","No"
"66","52","4.2","35","No","No"
"41","77","4.8","8","No","No"
"37","24","4.1","11","No","No"
"32","78","3.7","32","No","No"
"42","98","2.6","46","No","No"
"31","57","3.0","7","No","No"
"61","78","4.4","1","No","No"
"36","76","4.7","32","No","No"
"60","26","2.7","31","No","No"
"51","78","2.8","39","No","No"
"68","53","2.9","9","No","No"
"46","100","4.4","49","No","No"
"19","73","2.7","34","No","No"
"30","40","4.5","35","No","No"
"51","76","2.8","50","No","No"
"28","80","3.1","4","No","No"
"41","80","3.8","32","No","No"
"29","67","2.9","11","No","No"
"25","61","3.8","49","No","No"
"60","76","4.7","9","No","No"
"63","55","3.2","30","No","No"
"51","85","4.0","33","No","No"
"22","69","4.9","8","No","No"
"54","26","3.7","29","No","No"
"18","64","4.8","4","No","No"
"29","60","3.6","19","No","No"
"59","36","4.6","10","No","No"
"25","21","4.3","39","No","No"
"19","72","3.2","21","No","No"
"56","62","3.8","12","No","No"
"31","44","4.2","9","No","No"
"45","52","3.4","20","No","No"
"23","58","4.7","44","No","No"
"18","77","3.9","16","No","No"
"43","99","4.3","27","No","No"
"56","96","2.7","14","No","No"
"43","64","4.6","24","No","No"
"64","44","2.9","49","No","No"
"67","33","3.6","14","No","No"
"63","71","3.9","6","No","No"
"54","36","2.6","20","No","No"
"69","62","3.6","3","No","No"
"34","29","3.4","5","No","No"
"56","33","3.5","46","No","No"
"34","33","3.1","8","No","No"
"58","41","4.3","13","No","No"
"44","54","5.0","25","No","No"
"25","58","4.9","39","No","No"
"27","30","4.3","15","No","No"
"26","53","4.4","35","No","No"
"18","91","4.4","46","No","No"
"64","44","3.5","3","No","No"
"62","89","3.4","48","No","No"
"59","57","2.5","27","No","No"
"36","57","3.4","5","No","No"
"69","74","2.6","48","No","No"
"39","30","4.6","12","No","No"
"28","20","3.7","10","No","No"
"42","90","2.5","48","No","No"
"31","61","4.5","3","No","No"
"57","51","2.9","19","No","No"
"53","97","2.9","11","No","No"
"59","97","3.5","25","No","No"
"32","40","4.2","42","No","No"
"65","85","3.3","34","No","No"
"56","76","3.9","50","No","No"
"31","22","5.0","21","No","No"
"59","63","3.3","37","No","No"
"22","71","4.2","46","No","No"
"47","35","4.9","14","No","No"
"23","30","4.6","24","No","No"
"69","74","4.8","36","No","No"
"18","71","2.7","19","No","No"
"50","84","4.3","12","No","No"
"29","38","3.8","13","No","No"
"65","81","4.9","32","No","No"
"29","56","3.4","5","No","No"
"49","48","3.6","29","No","No"
"28","97","3.4","40","No","No"
"51","74","4.7","44","No","No"
"26","50","3.0","3","No","No"
"38","71","3.4","35","No","No"
"35","33","4.6","33","No","No"
"34","56","3.1","20","No","No"
"51","84","2.8","40","No","No"
"47","36","3.5","13","No","No"
"18","63","4.6","9","No","No"
"64","36","4.3","7","No","No"
"30","63","4.8","42","No","No"
"59","32","2.9","44","No","No"
"66","93","3.0","6","No","No"
"40","29","2.9","8","No","No"
"25","92","3.7","10","No","No"
"59","33","4.7","46","No","No"
"66","52","3.5","26","No","No"
"54","42","2.7","6","No","No"
"42","36","5.0","47","No","No"
"48","67","4.1","28","No","No"
"34","43","2.7","23","No","No"
"19","68","4.8","45","No","No"
"70","60","4.3","44","No","No"
"43","53","4.5","11","No","No"
"46","23","3.8","39","No","No"
"66","57","3.7","20","No","No"
"50","89","3.9","48","No","No"
"55","99","3.3","46","No","No"
"63","28","3.4","22","No","No"
"32","53","3.8","45","No","No"
"30","45","2.7","49","No","No"
"35","38","2.9","9","No","No"
"59","49","4.5","41","No","No"
"59","32","2.6","2","No","No"
"54","37","3.1","39","No","No"
"63","80","4.7","12","No","No"
"43","78","4.6","26","No","No"
"33","53","2.7","32","No","No"
"57","82","4.6","50","No","No"
"25","33","4.8","3","No","No"
"26","77","4.2","3","No","No"
"50","56","4.9","37","No","No"
"70","37","4.9","20","No","No"
"68","54","4.5","26","No","No"
"39","67","2.7","47","No","No"
"46","90","3.1","7","No","No"
"57","72","3.3","40","No","No"
"47","59","2.6","45","No","No"
"40","45","4.4","20","No","No"
"52","30","3.9","11","No","No"
"40","51","4.6","50","No","No"
"67","90","4.9","25","No","No"
"67","95","3.7","5","No","No"
"37","81","3.7","4","No","No"
"67","70","4.2","25","No","No"
"64","32","3.5","11","No","No"
"28","94","2.9","4","No","No"
"54","29","3.4","1","No","No"
"54","31","3.3","48","No","No"
"24","20","4.5","9","No","No"
"27","44","4.6","2","No","No"
"53","77","2.9","4","No","No"
"32","51","3.2","43","No","No"
"24","49","2.6","32","No","No"
"45","78","3.8","1","No","No"
"49","98","2.8","38","No","No"
"51","94","4.4","25","No","No"
"69","91","4.7","42","No","No"
"41","77","2.7","32","No","No"
"59","97","2.6","21","No","No"
"26","58","3.4","26","No","No"
"23","97","3.9","6","No","No"
"62","48","3.4","14","No","No"
"69","23","3.4","4","No","No"
"46","79","3.9","26","No","No"
"35","42","4.0","39","No","No"
"32","95","3.4","15","No","No"
"46","29","3.7","1","No","No"
"33","98","4.9","28","No","No"
"32","96","5.0","17","No","No"
"33","66","2.9","24","No","No"
"67","80","3.0","29","No","No"
"67","27","3.3","18","No","No"
"42","25","4.7","10","No","No"
"20","45","3.4","19","No","No"
"39","89","4.6","26","No","No"
"26","27","3.6","25","No","No"
"51","90","2.6","2","No","No"
"31","65","2.7","19","No","No"
"68","72","3.1","32","No","No"
"44","70","3.2","13","No","No"
"18","82","3.4","30","No","No"
"58","97","4.4","2","No","No"
"26","25","3.2","8","No","No"
"57","48","2.5","27","No","No"
"37","99","3.8","26","No","No"
"24","21","4.4","3","No","No"
"57","94","3.7","4","No","No"
"48","53","3.2","5","No","No"
"39","70","4.9","25","No","No"
"51","26","3.9","47","No","No"
"57","82","4.5","8","No","No"
"53","47","3.4","20","No","No"
"70","32","4.1","42","No","No"
"60","97","4.5","20","No","No"
"31","68","4.7","23","No","No"
"41","23","4.8","26","No","No"
"62","33","4.4","48","No","No"
"59","38","4.0","16","No","No"
"46","68","4.1","28","No","No"
"62","23","3.7","39","No","No"
"42","29","3.0","43","No","No"
"37","35","3.6","45","No","No"
"50","73","4.8","50","No","No"
"29","84","3.7","10","No","No"
"25","23","4.6","40","No","No"
"66","67","2.8","38","No","No"
"21","51","4.0","2","No","No"
"46","36","4.2","13","No","No"
"57","55","3.6","33","No","No"
"61","30","2.9","27","No","No"
"53","70","4.1","43","No","No"
"37","63","3.1","46","No","No"
"39","87","4.3","7","No","No"
"53","70","4.4","35","No","No"
"35","51","3.1","31","No","No"
"69","25","2.9","42","No","No"
"66","32","3.2","14","No","No"
"19","52","4.0","35","No","No"
"47","33","2.7","49","No","No"
"49","68","3.0","17","No","No"
"31","20","4.4","26","No","No"
"39","32","2.8","30","No","No"
"58","82","3.1","32","No","No"
"45","64","3.9","35","No","No"
"68","24","2.7","15","No","No"
"35","96","3.4","10","No","No"
"65","94","3.8","14","No","No"
"45","48","3.7","30","No","No"
"19","60","4.5","16","No","No"
"65","56","2.9","14","No","No"
"28","33","3.4","28","No","No"
"55","46","4.4","29","No","No"
"66","37","4.2","5","No","No"
"29","98","3.3","17","No","No"
"56","50","3.7","50","No","No"
"21","63","3.2","23","No","No"
"32","70","2.6","22","No","No"
"54","63","2.8","15","No","No"
"61","86","2.9","32","No","No"
"31","99","4.0","5","No","No"
"27","40","2.9","6","No","No"
"64","92","4.7","44","No","No"
"60","21","3.1","23","No","No"
"70","81","3.9","44","No","No"
"36","82","3.4","3","No","No"
"56","88","3.1","14","No","No"
"69","100","4.8","37","No","No"
"39","66","3.9","22","No","No"
"38","25","3.5","2","No","No"
"36","53","3.1","44","No","No"
"46","28","4.7","49","No","No"
"59","23","4.6","22","No","No"
"64","34","3.3","26","No","No"
"49","42","3.2","40","No","No"
"32","24","3.1","16","No","No"
"29","47","3.5","17","No","No"
"24","78","4.3","48","No","No"
"41","89","2.9","28","No","No"
"41","59","2.7","26","No","No"
"32","94","4.0","43","No","No"
"69","49","4.6","38","No","No"
"65","89","4.7","36","No","No"
"54","91","4.7","1","No","No"
"39","89","4.0","49","No","No"
"37","57","3.6","41","No","No"
"51","71","3.4","21","No","No"
"26","97","3.0","24","No","No"
"42","45","2.6","27","No","No"
"21","91","4.2","4","No","No"
"53","25","3.4","19","No","No"
"36","63","4.0","1","No","No"
"21","52","4.7","27","No","No"
"33","43","3.9","5","No","No"
"49","28","3.3","20","No","No"
"31","78","2.9","50","No","No"
"68","31","4.4","36","No","No"
"49","23","3.6","12","No","No"
"23","25","4.5","23","No","No"
"30","86","3.7","21","No","No"
"53","88","2.8","47","No","No"
"65","35","4.5","38","No","No"
"60","34","4.4","40","No","No"
"46","75","3.3","35","No","No"
"54","46","4.2","4","No","No"
"59","31","2.7","28","No","No"
"52","93","3.9","36","No","No"
"41","85","2.6","15","No","No"
"43","68","4.5","7","No","No"
"63","40","2.7","29","No","No"
"37","51","2.9","12","No","No"
"44","85","3.4","16","No","No"
"67","23","2.9","50","No","No"
"27","28","3.8","11","No","No"
"60","44","4.2","28","No","No"
"58","57","3.5","36","No","No"
"53","98","3.1","38","No","No"
"43","68","3.5","32","No","No"
"32","36","4.0","42","No","No"
"54","71","3.7","22","No","No"
"47","60","4.2","22","No","No"
"57","87","4.8","31","No","No"
"63","38","4.1","28","No","No"
"70","45","4.5","40","No","No"
"62","47","2.7","21","No","No"
"40","57","2.8","12","No","No"
"25","68","3.7","33","No","No"
"19","52","3.6","9","No","No"
"25","87","4.7","15","No","No"
"21","34","3.8","13","No","No"
"55","41","2.9","35","No","No"
"34","94","4.6","1","No","No"
"47","93","2.8","25","No","No"
"27","51","4.6","20","No","No"
"67","42","2.8","36","No","No"
"40","95","3.0","33","No","No"
"53","90","3.7","36","No","No"
"24","98","4.1","32","No","No"
"47","39","4.3","21","No","No"
"53","66","3.8","48","No","No"
"47","23","3.7","25","No","No"
"38","73","4.8","32","No","No"
"48","23","4.6","45","No","No"
"47","43","4.8","4","No","No"
"19","45","4.6","19","No","No"
"38","21","4.0","1","No","No"
"57","40","2.6","12","No","No"
"70","58","2.6","18","No","No"
"38","48","4.5","43","No","No"
"35","94","4.2","31","No","No"
"46","74","3.4","33","No","No"
"32","51","3.7","46","No","No"
"38","83","3.6","41","No","No"
"41","68","4.0","41","No","No"
"19","84","4.6","9","No","No"
"18","58","3.0","34","No","No"
"45","92","3.3","21","No","No"
"23","69","3.8","5","No","No"
"60","48","2.7","32","No","No"
"52","60","4.5","44","No","No"
"42","20","4.8","46","No","No"
"29","55","4.2","42","No","No"
"31","88","3.5","50","No","No"
"30","48","4.9","33","No","No"
"23","74","4.1","32","No","No"
"31","42","2.9","32","No","No"
"40","32","4.0","37","No","No"
"39","98","4.6","9","No","No"
"28","89","2.8","6","No","No"
"23","97","5.0","36","No","No"
"42","49","2.9","1","No","No"
"68","50","3.3","48","No","No"
"24","91","3.4","44","No","No"
"24","93","3.0","9","No","No"
"21","98","4.7","32","No","No"
"49","82","2.9","14","No","No"
"41","37","4.1","43","No","No"
"22","63","3.2","32","No","No"
"42","99","2.7","26","No","No"
"30","37","4.7","2","No","No"
"38","34","3.2","16","No","No"
"40","32","2.5","50","No","No"
"55","23","4.3","6","No","No"
"37","78","4.4","20","No","No"
"41","54","4.7","9","No","No"
"38","94","4.0","47","No","No"
"42","75","4.6","33","No","No"
"26","69","3.8","46","No","No"
"41","35","3.2","9","No","No"
"27","78","5.0","8","No","No"
"61","29","3.5","48","No","No"
"58","62","3.7","2","No","No"
"25","58","4.8","31","No","No"
"33","88","3.7","40","No","No"
"57","80","3.5","35","No","No"
"39","47","4.9","40","No","No"
"60","51","4.7","27","No","No"
"39","25","4.9","10","No","No"
"42","36","4.3","23","No","No"
"53","79","3.1","32","No","No"
"20","41","3.4","6","No","No"
"46","68","2.7","27","No","No"
"46","51","2.6","25","No","No"
"69","38","2.9","11","No","No"
"28","46","2.7","23","No","No"
"42","20","4.5","44","No","No"
"30","25","3.1","35","No","No"
"50","89","3.2","45","No","No"
"59","77","3.3","22","No","No"
"54","94","2.9","18","No","No"
"50","100","4.1","20","No","No"
"25","96","2.7","28","No","No"
"41","36","4.0","15","No","No"
"35","27","2.6","42","No","No"
"67","67","3.5","20","No","No"
"33","91","2.8","16","No","No"
"19","62","4.5","47","No","No"
"25","88","3.0","34","No","No"
"32","66","4.4","30","No","No"
"30","65","4.7","5","No","No"
"18","25","4.3","38","No","No"
"38","64","4.8","18","No","No"
"22","72","4.8","28","No","No"
"40","74","4.4","42","No","No"
"54","50","3.7","5","No","No"
"70","97","3.9","50","No","No"
"52","36","3.8","33","No","No"
"34","49","4.1","1","No","No"
"65","64","4.0","14","No","No"
"38","31","4.5","48","No","No"
"35","66","4.0","26","No","No"
"40","82","4.5","44","No","No"
"23","88","2.7","18","No","No"
"45","34","3.8","31","No","No"
"40","84","3.8","18","No","No"
"42","96","3.8","41","No","No"
"57","71","4.3","18","No","No"
"18","77","3.5","3","No","No"
"18","66","3.8","5","No","No"
"56","21","3.7","13","No","No"
"35","37","4.8","22","No","No"
"49","90","4.9","45","No","No"
"49","96","4.3","39","No","No"
"34","37","4.4","18","No","No"
"63","66","3.4","19","No","No"
"42","45","4.3","29","No","No"
"41","89","4.6","19","No","No"
"26","94","3.8","22","No","No"
"48","96","3.9","21","No","No"
"62","31","2.6","22","No","No"
"24","79","4.2","44","No","No"
"48","39","4.6","42","No","No"
"31","22","5.0","33","No","No"
"41","32","4.2","6","No","No"
"24","71","4.3","44","No","No"
"60","96","3.3","24","No","No"
"38","82","4.9","16","No","No"
"58","76","4.4","12","No","No"
"53","22","3.1","50","No","No"
"44","40","3.5","42","No","No"
"51","92","3.9","50","No","No"
"36","94","3.9","10","No","No"
"20","44","4.3","32","No","No"
"32","49","3.8","37","No","No"
"66","26","2.7","15","No","No"
"49","38","4.4","27","No","No"
"27","72","3.5","7","No","No"
"29","99","3.4","49","No","No"
"29","38","4.0","44","No","No"
"55","96","4.8","13","No","No"
"57","27","4.5","38","No","No"
"29","24","4.4","10","No","No"
"31","82","4.1","25","No","No"
"25","56","4.6","18","No","No"
"61","25","3.8","6","No","No"
"53","67","2.9","35","No","No"
"22","21","2.8","31","No","No"
"28","27","3.0","41","No","No"
"18","97","4.2","8","No","No"
"44","45","4.1","34","No","No"
"32","63","4.1","20","No","No"
"34","100","4.6","38","No","No"
"67","38","2.5","35","No","No"
"66","45","3.0","6","No","No"
"28","91","3.8","50","No","No"
"70","82","4.1","47","No","No"
"37","48","3.3","23","No","No"
"28","30","5.0","13","No","No"
"43","34","3.8","31","No","No"
"37","68","3.3","16","No","No"
"54","95","5.0","40","No","No"
"50","22","2.9","45","No","No"
"46","88","2.5","50","No","No"
"60","83","4.7","1","No","No"
"40","87","2.9","10","No","No"
"64","57","3.7","48","No","No"
"18","88","4.4","38","No","No"
"37","20","2.9","21","No","No"
"36","39","3.6","38","No","No"
"51","71","4.8","31","No","No"
"26","73","4.7","9","No","No"
"68","63","2.6","47","No","No"
"27","78","3.4","8","No","No"
"28","96","3.5","30","No","No"
"49","81","3.4","22","No","No"
"70","95","5.0","3","No","No"
"30","68","4.6","15","No","No"
"27","28","4.8","10","No","No"
"19","30","3.7","19","No","No"
"64","31","4.7","36","No","No"
"42","95","4.4","12","No","No"
"69","79","3.5","49","No","No"
"28","39","3.8","7","No","No"
"47","34","4.7","28","No","No"
"69","28","3.1","30","No","No"
"56","38","5.0","29","No","No"
"28","55","3.7","9","No","No"
"50","31","3.0","27","No","No"
"39","84","4.5","21","No","No"
"35","93","4.7","36","No","No"
"59","28","3.5","19","No","No"
"44","55","4.4","47","No","No"
"66","63","2.6","38","No","No"
"20","94","4.2","22","No","No"
"45","36","2.6","29","No","No"
"49","97","4.8","42","No","No"
"60","63","2.9","47","No","No"
"61","77","4.3","10","No","No"
"36","53","2.6","10","No","No"
"33","77","3.8","1","No","No"
"49","79","4.2","7","No","No"
"31","37","3.9","10","No","No"
"19","94","3.1","11","No","No"
"39","76","3.6","5","No","No"
"66","68","4.0","21","No","No"
"25","65","3.4","24","No","No"
"63","24","2.6","37","No","No"
"56","31","4.5","22","No","No"
"20","89","4.9","16","No","No"
"58","49","4.4","44","No","No"
"34","92","3.5","14","No","No"
"28","32","3.3","23","No","No"
"22","67","3.1","46","No","No"
"37","64","4.2","46","No","No"
"54","84","4.9","16","No","No"
"65","34","3.9","40","No","No"
"57","26","4.2","21","No","No"
"38","50","4.9","25","No","No"
"70","46","2.8","25","No","No"
"56","71","4.1","25","No","No"
"56","78","4.8","27","No","No"
"22","35","4.1","12","No","No"
"57","58","3.0","27","No","No"
"53","67","4.2","40","No","No"
"53","93","3.8","38","No","No"
"19","81","3.3","44","No","No"
"49","80","4.7","27","No","No"
"44","64","4.3","30","No","No"
"27","41","2.7","24","No","No"
"60","79","4.2","38","No","No"
"62","60","4.2","4","No","No"
"52","91","2.5","32","No","No"
"30","66","3.6","32","No","No"
"66","85","3.4","28","No","No"
"29","38","3.3","6","No","No"
"24","23","4.6","24","No","No"
"51","71","3.9","38","No","No"
"67","25","3.7","28","No","No"
"50","39","3.1","9","No","No"
"37","20","4.9","21","No","No"
"69","73","4.7","31","No","No"
"60","63","2.9","18","No","No"
"21","94","4.1","5","No","No"
"44","94","4.0","22","No","No"
"26","71","2.7","37","No","No"
"40","77","4.0","22","No","No"
"41","66","2.5","36","No","No"
"62","23","4.5","23","No","No"
"39","60","3.9","44","No","No"
"53","72","4.9","25","No","No"
"24","35","3.3","40","No","No"
"41","31","3.8","12","No","No"
"19","33","2.9","14","No","No"
"36","95","4.0","14","No","No"
"21","68","4.1","10","No","No"
"25","87","3.1","17","No","No"
"65","64","4.6","24","No","No"
"42","74","4.6","31","No","No"
"40","62","2.6","36","No","No"
"58","97","5.0","38","No","No"
"40","47","2.9","23","No","No"
"62","83","3.5","47","No","No"
"38","82","3.7","20","No","No"
"37","26","2.9","41","No","No"
"65","81","4.3","44","No","No"
"55","44","3.2","31","No","No"
"43","88","4.2","11","No","No"
"43","76","4.2","25","No","No"
"45","89","3.8","31","No","No"
"64","22","4.4","40","No","No"
"28","33","3.1","23","No","No"
"69","97","5.0","5","No","No"
"54","57","4.7","26","No","No"
"52","38","3.0","11","No","No"
"23","55","4.2","44","No","No"
"26","37","3.0","47","No","No"
"48","43","3.7","46","No","No"
"49","96","2.7","35","No","No"
"53","51","4.3","8","No","No"
"69","95","2.7","30","No","No"
"26","26","3.7","14","No","No"
"21","34","4.3","30","No","No"
"59","83","4.0","26","No","No"
"21","24","3.3","32","No","No"
"22","69","4.0","47","No","No"
"26","40","2.7","11","No","No"
"41","87","4.2","28","No","No"
"37","46","4.6","2","No","No"
"30","82","4.8","45","No","No"
"49","81","2.8","7","No","No"
"49","57","4.5","28","No","No"
"58","49","3.0","34","No","No"
"70","42","4.6","26","No","No"
"27","26","3.3","45","No","No"
"65","38","4.4","34","No","No"
"57","57","4.4","47","No","No"
"20","100","4.3","42","No","No"
"34","73","3.4","27","No","No"
"59","66","2.8","43","No","No"
"54","73","3.4","16","No","No"
"36","45","5.0","40","No","No"
"21","27","4.5","29","No","No"
"52","24","2.7","38","No","No"
"43","59","3.4","34","No","No"
"32","20","3.4","30","No","No"
"55","44","2.8","45","No","No"
"31","90","4.7","47","No","No"
"45","36","4.7","5","No","No"
"53","95","4.7","50","No","No"
"24","30","3.4","24","No","No"
"47","65","3.7","15","No","No"
"63","96","4.1","50","No","No"
"38","65","2.9","7","No","No"
"59","47","3.2","10","No","No"
"54","25","3.0","38","No","No"
"26","56","4.1","31","No","No"
"68","76","4.5","7","No","No"
"41","60","3.4","27","No","No"
"68","67","4.1","45","No","No"
"21","95","4.6","13","No","No"
"32","72","4.6","33","No","No"
"20","98","3.4","25","No","No"
"59","83","3.3","5","No","No"
"53","37","3.6","23","No","No"
"66","85","4.6","17","No","No"
"47","36","4.3","14","No","No"
"58","36","4.0","28","No","No"
"28","86","4.8","19","No","No"
"68","99","4.3","31","No","No"
"60","21","3.3","25","No","No"
"47","84","2.8","4","No","No"
"18","63","4.4","20","No","No"
"32","84","3.7","37","No","No"
"27","72","3.6","28","No","No"
"65","21","3.7","6","No","No"
"68","92","5.0","27","No","No"
"55","72","2.7","29","No","No"
"30","83","4.3","1","No","No"
"24","73","4.1","31","No","No"
"57","98","2.6","28","No","No"
"23","76","3.2","19","No","No"
"69","43","3.5","36","No","No"
"60","60","3.7","28","No","No"
"25","40","3.8","29","No","No"
"18","93","4.8","9","No","No"
"37","98","4.2","26","No","No"
"61","91","2.9","7","No","No"
"41","92","2.9","35","No","No"
"69","87","4.8","46","No","No"
"32","96","2.9","8","No","No"
"60","97","4.8","50","No","No"
"43","55","4.6","37","No","No"
"61","58","4.4","6","No","No"
"57","21","3.0","16","No","No"
"56","82","4.4","30","No","No"
"66","34","3.9","50","No","No"
"52","78","4.0","5","No","No"
"63","47","2.5","15","No","No"
"50","96","4.1","34","No","No"
"21","23","4.8","6","No","No"
"42","27","2.6","26","No","No"
"40","37","3.1","34","No","No"
"67","79","3.2","37","No","No"
"35","40","4.2","28","No","No"
"18","39","2.6","38","No","No"
"52","73","3.1","2","No","No"
"59","84","2.9","32","No","No"
"49","94","4.6","30","No","No"
"46","47","4.1","17","No","No"
"69","77","2.5","5","No","No"
"56","94","4.0","31","No","No"
"27","75","3.5","43","No","No"
"57","82","4.4","19","No","No"
"58","36","2.9","32","No","No"
"23","90","3.1","5","No","No"
"19","48","4.4","9","No","No"
"40","42","4.4","48","No","No"
"54","33","2.7","1","No","No"
"50","63","4.9","20","No","No"
"69","53","3.5","42","No","No"
"42","37","4.8","45","No","No"
"37","92","4.2","41","No","No"
"46","73","4.6","36","No","No"
"64","38","2.9","10","No","No"
"20","51","4.0","31","No","No"
"40","90","4.9","21","No","No"
"64","56","3.1","16","No","No"
"29","33","4.4","18","No","No"
"20","53","2.5","20","No","No"
"43","24","3.4","21","No","No"
"60","59","3.7","23","No","No"
"39","72","4.2","20","No","No"
"47","28","3.4","30","No","No"
"19","36","3.6","33","No","No"
"52","47","4.7","31","No","No"
"34","62","4.7","48","No","No"
"25","98","3.6","28","No","No"
"43","28","4.6","7","No","No"
"55","86","2.6","4","No","No"
"66","46","3.1","49","No","No"
"41","42","3.2","22","No","No"
"47","80","3.9","39","No","No"
"51","39","4.9","45","No","No"
"44","49","4.1","30","No","No"
"18","32","4.2","33","No","No"
"33","73","4.1","24","No","No"
"24","42","3.9","11","No","No"
"33","58","2.7","13","No","No"
"61","22","3.7","27","No","No"
"27","56","2.7","30","No","No"
"46","70","2.5","39","No","No"
"38","50","3.9","10","No","No"
"63","21","3.0","4","No","No"
"47","97","3.2","16","No","No"
"42","63","3.8","34","No","No"
"41","60","2.7","11","No","No"
"53","52","3.0","30","No","No"
"29","32","4.1","40","No","No"
"61","48","3.2","13","No","No"
"69","25","4.5","28","No","No"
"51","68","4.3","49","No","No"
"24","74","3.5","23","No","No"
"24","88","3.1","4","No","No"
"70","23","3.9","17","No","No"
"49","32","2.7","24","No","No"
"48","71","4.0","21","No","No"
"58","62","2.7","17","No","No"
"32","20","2.7","22","No","No"
"57","62","4.7","27","No","No"
"69","81","4.5","1","No","No"
"42","90","3.0","27","No","No"
"30","43","3.6","8","No","No"
"35","38","3.3","43","No","No"
"19","25","4.3","24","No","No"
"52","98","4.3","29","No","No"
"42","75","4.8","10","No","No"
"36","27","4.0","12","No","No"
"45","27","3.5","48","No","No"
"54","42","3.9","40","No","No"
"54","90","4.4","1","No","No"
"27","63","4.6","26","No","No"
"53","96","4.0","9","No","No"
"20","40","4.2","19","No","No"
"52","39","4.5","37","No","No"
"54","48","3.9","3","No","No"
"65","20","3.7","40","No","No"
"43","29","3.6","13","No","No"
"57","81","4.7","48","No","No"
"19","98","3.6","4","No","No"
"69","93","2.5","9","No","No"
"26","30","2.9","26","No","No"
"57","37","4.4","19","No","No"
"20","28","4.6","1","No","No"
"55","29","3.7","29","No","No"
"44","49","3.2","38","No","No"
"52","53","4.9","31","No","No"
"57","66","5.0","35","No","No"
"40","61","3.3","40","No","No"
"23","23","4.4","13","No","No"
"36","36","4.7","9","No","No"
"59","81","3.6","25","No","No"
"29","56","3.2","3","No","No"
"63","78","3.0","35","No","No"
"60","25","4.4","13","No","No"
"64","86","3.3","31","No","No"
"63","99","3.4","48","No","No"
"21","83","3.9","6","No","No"
"61","33","2.9","43","No","No"
"65","44","2.9","1","No","No"
"69","58","2.7","8","No","No"
"47","54","3.4","6","No","No"
"41","93","3.7","32","No","No"
"68","98","4.7","46","No","No"
"41","36","3.1","38","No","No"
"42","68","4.2","48","No","No"
"66","95","3.0","18","No","No"
"66","93","3.1","25","No","No"
"33","99","4.2","4","No","No"
"55","22","3.8","27","No","No"
"58","88","2.9","14","No","No"
"18","65","4.2","36","No","No"
"49","62","3.1","6","No","No"
"61","55","3.6","46","No","No"
"31","97","4.8","29","No","No"
"70","77","4.1","12","No","No"
"68","40","3.9","47","No","No"
"27","23","3.0","28","No","No"
"48","46","3.0","21","No","No"
"63","75","4.9","15","No","No"
"49","76","4.8","38","No","No"
"19","59","3.3","19","No","No"
"30","51","2.7","31","No","No"
"50","46","4.2","30","No","No"
"66","26","3.6","40","No","No"
"25","51","3.8","42","No","No"
"61","44","3.8","25","No","No"
"29","82","4.2","20","No","No"
"53","44","2.7","3","No","No"
"24","27","5.0","14","No","No"
"51","90","4.7","32","No","No"
"26","58","3.2","20","No","No"
"59","80","2.9","34","No","No"
"41","40","4.2","6","No","No"
"20","23","3.7","2","No","No"
"22","34","4.2","35","No","No"
"18","35","2.6","33","No","No"
"30","75","4.0","45","No","No"
"25","60","2.7","20","No","No"
"39","87","4.0","48","No","No"
"49","41","2.9","37","No","No"
"25","83","3.3","4","No","No"
"23","81","4.0","24","No","No"
"33","56","3.9","4","No","No"
"60","58","3.3","25","No","No"
"51","84","3.9","14","No","No"
"23","21","3.9","14","No","No"
"20","35","4.2","46","No","No"
"51","43","4.6","27","No","No"
"23","20","3.3","46","No","No"
"67","36","4.8","24","No","No"
"23","70","4.1","4","No","No"
"26","83","3.4","2","No","No"
"52","76","3.6","29","No","No"
"52","81","2.7","7","No","No"
"52","47","3.2","39","No","No"
"35","35","4.4","46","No","No"
"24","85","4.9","44","No","No"
"43","96","4.8","20","No","No"
"25","98","2.8","44","No","No"
"46","52","2.9","23","No","No"
"22","84","3.2","37","No","No"
"70","71","3.5","4","No","No"
"49","95","4.1","14","No","No"
"48","47","4.1","31","No","No"
"59","75","4.8","9","No","No"
"39","28","2.8","31","No","No"
"30","44","4.7","26","No","No"
"37","64","4.8","41","No","No"
"56","28","2.9","13","No","No"
"67","21","2.6","4","No","No"
"40","41","3.3","15","No","No"
"24","38","3.4","38","No","No"
"43","77","3.6","3","No","No"
"45","43","3.8","6","No","No"
"33","91","3.4","34","No","No"
"53","68","3.8","7","No","No"
"44","37","3.3","21","No","No"
"23","23","4.8","17","No","No"
"59","65","3.9","5","No","No"
"68","30","4.2","21","No","No"
"46","45","4.7","42","No","No"
"56","25","2.7","49","No","No"
"40","72","3.8","33","No","No"
"61","75","3.6","12","No","No"
"53","63","2.9","18","No","No"
"29","35","3.9","47","No","No"
"44","32","4.7","18","No","No"
"43","25","3.3","48","No","No"
"40","90","4.2","18","No","No"
"55","70","2.6","46","No","No"
"66","27","4.9","34","No","No"
"50","92","3.6","10","No","No"
"57","20","4.7","12","No","No"
"42","52","3.2","36","No","No"
"55","57","3.6","34","No","No"
"25","96","3.6","49","No","No"
"22","68","3.2","36","No","No"
"49","30","2.8","18","No","No"
"70","37","4.0","39","No","No"
"56","42","4.4","34","No","No"
"52","54","3.4","35","No","No"
"65","81","5.0","1","No","No"
"24","40","3.1","48","No","No"
"32","88","4.2","19","No","No"
"57","94","3.3","44","No","No"
"35","54","2.9","9","No","No"
"69","51","4.7","3","No","No"
"30","22","4.0","50","No","No"
"37","95","4.6","7","No","No"
"19","57","3.8","20","No","No"
"53","45","3.6","16","No","No"
"25","92","4.1","29","No","No"
"47","40","2.7","21","No","No"
"18","62","4.3","19","No","No"
"22","90","4.9","10","No","No"
"69","82","4.2","4","No","No"
"55","52","2.8","45","No","No"
"19","70","4.9","17","No","No"
"23","83","2.8","22","No","No"
"54","49","2.9","3","No","No"
"52","91","2.5","11","No","No"
"64","99","2.7","4","No","No"
"33","92","3.3","11","No","No"
"40","87","3.7","47","No","No"
"26","28","4.0","17","No","No"
"31","71","4.1","32","No","No"
"23","32","4.1","37","No","No"
"52","33","2.5","44","No","No"
"21","75","4.2","27","No","No"
"31","83","4.7","46","No","No"
"63","93","2.7","13","No","No"
"46","29","3.0","2","No","No"
"44","25","4.8","45","No","No"
"57","76","4.4","35","No","No"
"50","81","4.3","39","No","No"
"33","80","2.5","39","No","No"
"19","70","4.9","34","No","No"
"68","81","4.9","41","No","No"
"27","86","3.9","47","No","No"
"61","94","4.1","17","No","No"
"38","66","3.3","40","No","No"
"28","98","4.1","44","No","No"
"39","25","3.7","21","No","No"
"18","62","3.1","21","No","No"
"24","98","3.0","16","No","No"
"64","53","3.4","15","No","No"
"51","66","2.7","26","No","No"
"27","52","3.1","50","No","No"
"48","64","4.0","30","No","No"
"69","59","3.6","48","No","No"
"59","61","3.6","21","No","No"
"59","97","3.3","18","No","No"
"42","23","4.1","41","No","No"
"39","98","4.3","11","No","No"
"32","98","3.2","8","No","No"
"68","59","3.9","42","No","No"
"41","82","5.0","41","No","No"
"31","82","3.4","3","No","No"
"58","41","3.8","10","No","No"
"28","52","2.9","35","No","No"
"63","41","2.6","2","No","No"
"64","70","4.3","24","No","No"
"66","91","2.8","47","No","No"
"31","95","4.5","31","No","No"
"55","25","3.8","28","No","No"
"32","89","3.0","13","No","No"
"50","44","3.3","22","No","No"
"58","52","3.1","12","No","No"
"18","94","3.5","10","No","No"
"39","98","4.6","45","No","No"
"56","40","4.1","42","No","No"
"37","25","3.6","16","No","No"
"46","62","2.9","6","No","No"
"52","24","4.8","28","No","No"
"70","57","3.2","24","No","No"
"61","66","4.3","14","No","No"
"33","70","4.1","29","No","No"
"65","39","4.6","33","No","No"
"41","34","3.8","30","No","No"
"19","38","4.5","26","No","No"
"33","70","3.1","12","No","No"
"53","80","2.9","13","No","No"
"54","51","3.8","41","No","No"
"36","79","4.1","4","No","No"
"56","92","3.1","2","No","No"
"28","85","5.0","28","No","No"
"34","63","4.5","24","No","No"
"43","60","2.8","14","No","No"
"54","44","3.2","11","No","No"
"37","57","3.1","27","No","No"
"33","24","3.3","7","No","No"
"33","35","3.4","49","No","No"
"55","73","3.8","21","No","No"
"63","42","3.5","10","No","No"
"52","20","4.8","37","No","No"
"23","89","3.9","9","No","No"
"70","76","3.4","14","No","No"
"64","56","2.6","30","No","No"
"22","100","3.1","42","No","No"
"46","44","3.3","31","No","No"
"65","76","2.8","48","No","No"
"18","97","4.3","48","No","No"
"45","39","2.7","50","No","No"
"56","100","4.4","10","No","No"
"49","62","3.9","45","No","No"
"66","98","3.0","27","No","No"
"27","31","4.0","10","No","No"
"69","89","3.7","19","No","No"
"66","91","3.8","1","No","No"
"45","50","3.3","39","No","No"
"31","32","3.6","14","No","No"
"33","67","3.9","40","No","No"
"43","28","3.5","45","No","No"
"25","65","3.4","6","No","No"
"46","73","4.7","12","No","No"
"67","27","3.0","19","No","No"
"26","89","3.9","5","No","No"
"35","72","4.5","37","No","No"
"61","37","4.1","33","No","No"
"26","63","4.5","47","No","No"
"39","90","4.0","49","No","No"
"69","62","4.3","28","No","No"
"32","43","3.6","23","No","No"
"20","96","3.1","11","No","No"
"25","83","2.6","33","No","No"
"56","67","3.4","47","No","No"
"63","90","2.9","13","No","No"
"34","53","5.0","4","No","No"
"29","37","4.6","40","No","No"
"43","56","3.3","19","No","No"
"39","43","2.9","17","No","No"
"33","84","4.9","7","No","No"
"51","50","5.0","21","No","No"
"65","88","4.5","44","No","No"
"51","50","3.7","2","No","No"
"70","80","2.8","30","No","No"
"40","47","3.5","41","No","No"
"19","33","3.0","31","No","No"
"28","100","4.3","48","No","No"
"51","26","3.6","41","No","No"
"32","79","4.4","42","No","No"
"26","77","4.1","39","No","No"
"50","36","2.8","15","No","No"
"68","21","2.8","3","No","No"
"33","72","4.9","28","No","No"
"56","25","4.1","27","No","No"
"57","79","3.0","36","No","No"
"58","73","3.0","42","No","No"
"40","71","3.0","30","No","No"
"37","48","3.2","9","No","No"
"36","28","2.7","25","No","No"
"29","95","3.8","33","No","No"
"65","48","3.5","31","No","No"
"44","93","3.8","35","No","No"
"34","87","3.8","46","No","No"
"31","32","3.4","29","No","No"
"28","38","2.9","49","No","No"
"66","54","3.4","27","No","No"
"68","75","4.7","5","No","No"
"37","56","3.9","18","No","No"
"58","43","3.6","31","No","No"
"28","97","3.7","27","No","No"
"54","75","3.1","19","No","No"
"21","55","4.9","33","No","No"
"45","49","2.6","42","No","No"
"57","58","4.2","16","No","No"
"47","34","4.8","49","No","No"
"46","43","2.7","40","No","No"
"63","48","2.6","5","No","No"
"44","40","2.6","8","No","No"
"36","29","3.1","2","No","No"
"24","81","2.6","14","No","No"
"65","84","3.4","5","No","No"
"32","46","3.6","34","No","No"
"63","86","4.3","13","No","No"
"62","57","4.9","31","No","No"
"19","61","4.8","43","No","No"
"38","90","4.2","6","No","No"
"59","51","2.6","23","No","No"
"22","48","3.2","10","No","No"
"55","50","3.4","47","No","No"
"29","82","3.5","14","No","No"
"42","33","4.2","29","No","No"
"23","28","2.8","12","No","No"
"70","42","5.0","25","No","No"
"64","43","3.3","21","No","No"
"39","55","3.7","23","No","No"
"47","73","2.5","10","No","No"
"22","39","3.2","47","No","No"
"69","20","3.1","44","No","No"
"35","32","3.5","41","No","No"
"56","86","4.6","29","No","No"
"30","91","3.3","2","No","No"
"43","59","2.5","2","No","No"
"23","33","4.6","29","No","No"
"50","64","4.2","22","No","No"
"41","67","4.0","23","No","No"
"41","43","2.6","46","No","No"
"27","32","4.6","19","No","No"
"38","39","3.5","24","No","No"
"41","41","4.0","43","No","No"
"58","53","4.8","14","No","No"
"58","27","3.9","7","No","No"
"19","82","3.7","50","No","No"
"43","87","3.1","15","No","No"
"27","78","3.0","40","No","No"
"32","32","2.9","41","No","No"
"28","38","2.9","34","No","No"
"48","37","4.0","27","No","No"
"43","83","3.5","12","No","No"
"45","72","3.8","1","No","No"
"26","30","4.5","39","No","No"
"62","66","2.7","13","No","No"
"58","45","2.9","50","No","No"
"19","73","4.9","36","No","No"
"64","67","3.8","31","No","No"
"33","72","4.9","3","No","No"
"20","24","4.6","11","No","No"
"45","68","3.5","16","No","No"
"28","70","4.2","12","No","No"
"47","64","3.7","37","No","No"
"54","91","2.8","43","No","No"
"64","82","4.8","9","No","No"
"45","24","2.7","15","No","No"
"40","80","3.6","17","No","No"
"31","53","4.5","42","No","No"
"38","50","4.0","14","No","No"
"36","31","4.5","49","No","No"
"65","88","3.9","3","No","No"
"27","52","3.8","28","No","No"
"38","22","4.7","41","No","No"
"58","27","4.6","11","No","No"
"31","34","3.6","46","No","No"
"28","39","4.3","15","No","No"
"28","53","3.0","15","No","No"
"32","46","4.3","34","No","No"
"61","85","4.8","13","No","No"
"38","86","3.7","27","No","No"
"54","63","2.6","37","No","No"
"29","44","3.4","37","No","No"
"50","95","3.9","4","No","No"
"32","49","4.8","1","No","No"
"38","77","2.8","29","No","No"
"52","63","4.4","50","No","No"
"61","83","3.1","38","No","No"
"25","93","3.8","15","No","No"
"22","91","4.1","44","No","No"
"47","99","4.6","14","No","No"
"50","24","4.9","5","No","No"
"45","82","4.8","11","No","No"
"33","28","3.9","15","No","No"
"42","67","2.6","46","No","No"
"52","88","3.7","30","No","No"
"69","70","4.7","2","No","No"
"55","100","4.5","28","No","No"
"38","28","4.7","9","No","No"
"57","48","3.6","47","No","No"
"33","43","2.8","21","No","No"
"57","40","4.0","42","No","No"
"52","97","3.6","28","No","No"
"44","25","3.8","13","No","No"
"48","45","4.4","25","No","No"
"52","49","2.8","38","No","No"
"34","36","3.4","40","No","No"
"26","48","4.9","25","No","No"
"36","62","4.3","20","No","No"
"24","74","3.4","44","No","No"
"30","100","3.9","9","No","No"
"31","39","4.2","11","No","No"
"25","65","2.7","3","No","No"
"57","99","4.1","34","No","No"
"61","68","4.5","48","No","No"
"30","97","2.8","28","No","No"
"38","47","3.4","20","No","No"
"53","56","3.9","49","No","No"
"31","91","2.6","14","No","No"
"70","93","4.4","9","No","No"
"21","36","4.9","37","No","No"
"33","45","3.6","4","No","No"
"60","44","2.8","1","No","No"
"45","32","4.3","36","No","No"
"46","36","3.0","21","No","No"
"62","85","3.3","16","No","No"
"63","36","2.5","42","No","No"
"69","55","5.0","31","No","No"
"46","20","4.3","6","No","No"
"69","91","4.2","24","No","No"
"66","71","3.9","7","No","No"
"41","64","3.9","25","No","No"
"32","21","4.2","18","No","No"
"69","100","3.5","14","No","No"
"29","96","2.5","42","No","No"
"70","91","2.9","6","No","No"
"41","40","2.7","14","No","No"
"31","53","4.7","30","No","No"
"31","48","3.8","10","No","No"
"57","70","3.7","7","No","No"
"29","29","4.7","28","No","No"
"70","29","3.6","19","No","No"
"51","53","2.8","13","No","No"
"45","79","3.7","23","No","No"
"18","65","3.5","5","No","No"
"37","99","3.7","17","No","No"
"23","60","3.0","31","No","No"
"39","86","4.9","19","No","No"
"62","73","4.6","8","No","No"
"70","45","3.3","15","No","No"
"20","70","3.0","18","No","No"
"42","65","3.5","16","No","No"
"41","55","4.2","13","No","No"
"24","65","4.5","38","No","No"
"37","21","2.8","27","No","No"
"30","26","4.9","31","No","No"
"58","71","3.3","24","No","No"
"43","41","3.0","21","No","No"
"19","44","3.9","15","No","No"
"23","81","2.8","48","No","No"
"65","77","4.5","47","No","No"
"58","26","4.0","23","No","No"
"50","31","2.9","4","No","No"
"67","82","4.0","47","No","No"
"40","60","3.4","7","No","No"
"55","70","2.5","6","No","No"
"52","26","2.8","47","No","No"
"62","100","3.0","7","No","No"
"64","82","3.1","1","No","No"
"43","24","2.6","23","No","No"
"61","74","4.9","30","No","No"
"26","58","3.5","24","No","No"
"22","56","2.6","9","No","No"
"51","37","3.5","25","No","No"
"69","64","4.5","18","No","No"
"50","58","4.3","7","No","No"
"51","44","4.8","2","No","No"
"56","39","4.2","36","No","No"
"59","48","3.2","31","No","No"
"18","32","4.1","10","No","No"
"48","79","4.0","27","No","No"
"53","27","2.9","14","No","No"
"45","98","2.6","17","No","No"
"21","67","2.7","10","No","No"
"42","37","4.6","4","No","No"
"60","49","3.2","25","No","No"
"21","74","4.1","3","No","No"
"69","93","3.9","47","No","No"
"40","60","3.0","41","No","No"
"31","76","3.6","28","No","No"
"44","64","4.6","49","No","No"
"48","38","4.5","7","No","No"
"32","91","3.2","22","No","No"
"42","70","4.9","34","No","No"
"27","22","5.0","5","No","No"
"69","59","3.8","15","No","No"
"67","22","3.4","26","No","No"
"41","74","3.8","3","No","No"
"46","71","3.2","42","No","No"
"47","80","4.7","1","No","No"
"33","59","4.5","20","No","No"
"51","96","3.3","39","No","No"
"26","43","3.9","24","No","No"
"22","76","3.6","49","No","No"
"49","59","2.8","7","No","No"
"58","48","4.3","13","No","No"
"70","22","3.5","2","No","No"
"32","40","4.2","4","No","No"
"62","73","4.6","17","No","No"
"52","26","2.6","43","No","No"
"23","41","3.4","6","No","No"
"26","98","3.1","46","No","No"
"58","63","3.6","7","No","No"
"26","55","4.2","34","No","No"
"54","90","3.6","21","No","No"
"66","46","3.6","13","No","No"
"60","88","3.0","33","No","No"
"32","95","2.5","24","No","No"
"48","31","4.0","4","No","No"
"69","42","4.1","5","No","No"
"64","44","4.9","11","No","No"
"56","99","4.0","20","No","No"
"22","20","3.5","28","No","No"
"46","37","3.2","43","No","No"
"24","50","2.8","10","No","No"
"47","73","3.5","26","No","No"
"62","84","3.1","29","No","No"
"34","64","3.3","35","No","No"
"50","21","4.6","23","No","No"
"29","36","4.9","15","No","No"
"68","81","3.4","46","No","No"
"52","54","3.5","14","No","No"
"29","63","4.8","17","No","No"
"22","59","2.7","9","No","No"
"62","53","3.4","13","No","No"
"69","63","3.5","20","No","No"
"48","33","3.7","39","No","No"
"66","64","3.3","50","No","No"
"42","98","2.9","21","No","No"
"50","85","3.9","3","No","No"
"32","82","2.7","9","No","No"
"51","85","4.3","29","No","No"
"27","37","3.0","42","No","No"
"43","56","5.0","41","No","No"
"48","33","2.7","17","No","No"
"62","57","4.7","20","No","No"
"65","31","4.6","18","No","No"
"50","69","3.2","7","No","No"
"60","92","4.3","47","No","No"
"19","46","4.6","2","No","No"
"21","81","4.9","25","No","No"
"19","97","3.8","26","No","No"
"46","93","2.6","2","No","No"
"21","56","4.7","45","No","No"
"26","53","4.1","9","No","No"
"50","66","3.7","1","No","No"
"43","50","3.0","4","No","No"
"61","97","4.7","31","No","No"
"63","79","4.7","21","No","No"
"46","76","4.0","32","No","No"
"63","38","2.6","16","No","No"
"23","45","3.0","34","No","No"
"57","77","3.3","40","No","No"
"57","51","3.4","4","No","No"
"33","26","4.0","3","No","No"
"57","76","2.6","28","No","No"
"55","94","3.4","43","No","No"
"65","32","4.4","20","No","No"
"60","20","4.7","40","No","No"
"52","20","4.5","34","No","No"
"34","59","2.9","11","No","No"
"33","97","4.2","26","No","No"
"58","68","4.1","29","No","No"
"35","66","4.4","47","No","No"
"68","85","4.7","48","No","No"
"58","32","3.1","29","No","No"
"34","44","2.7","14","No","No"
"47","95","4.6","40","No","No"
"35","85","4.4","4","No","No"
"34","44","4.6","37","No","No"
"36","30","4.9","47","No","No"
"23","21","4.0","1","No","No"
"68","22","2.9","26","No","No"
"23","70","2.6","12","No","No"
"57","29","4.6","16","No","No"
"21","83","4.9","19","No","No"
"45","99","4.3","21","No","No"
"37","35","4.3","15","No","No"
"18","40","4.6","9","No","No"
"55","25","2.6","7","No","No"
"52","64","3.1","47","No","No"
"49","90","3.1","17","No","No"
"56","88","3.1","46","No","No"
"27","55","4.4","32","No","No"
"22","90","4.3","34","No","No"
"18","50","3.1","18","No","No"
"21","34","3.1","5","No","No"
"30","77","4.9","44","No","No"
"62","89","2.9","4","No","No"
"28","87","3.8","37","No","No"
"66","77","4.2","43","No","No"
"66","85","3.9","28","No","No"
"49","66","2.8","36","No","No"
"40","32","2.6","16","No","No"
"49","92","3.0","38","No","No"
"19","80","2.7","37","No","No"
"24","78","2.8","9","No","No"
"31","24","2.9","14","No","No"
"35","59","3.8","3","No","No"
"65","41","4.4","10","No","No"
"68","26","3.1","26","No","No"
"57","52","3.7","30","No","No"
"69","46","4.9","32","No","No"
"45","52","3.8","35","No","No"
"35","42","3.4","26","No","No"
"36","37","4.6","39","No","No"
"55","52","3.2","31","No","No"
"66","34","2.7","28","No","No"
"57","88","4.3","12","No","No"
"18","88","3.8","46","No","No"
"31","51","4.4","27","No","No"
"50","97","3.6","4","No","No"
"50","56","3.5","14","No","No"
"61","53","4.2","30","No","No"
"52","71","4.7","6","No","No"
"38","93","4.8","43","No","No"
"67","72","3.2","28","No","No"
"42","59","3.5","39","No","No"
"25","87","4.2","30","No","No"
"41","78","3.4","5","No","No"
"62","68","4.7","42","No","No"
"19","76","3.0","20","No","No"
"63","99","4.0","35","No","No"
"43","52","4.6","10","No","No"
"68","58","4.9","36","No","No"
"24","59","2.8","21","No","No"
"27","71","3.2","29","No","No"
"61","94","2.8","39","No","No"
"59","40","4.2","16","No","No"
"67","24","4.8","32","No","No"
"46","38","2.8","34","No","No"
"65","37","4.5","38","No","No"
"63","29","4.1","14","No","No"
"57","92","4.3","23","No","No"
"40","24","4.4","50","No","No"
"36","52","3.0","49","No","No"
"67","29","2.7","14","No","No"
"61","30","3.3","42","No","No"
"64","31","4.3","39","No","No"
"30","67","2.9","43","No","No"
"53","65","4.9","12","No","No"
"27","22","3.6","21","No","No"
"27","56","3.3","33","No","No"
"53","78","3.1","6","No","No"
"34","90","2.7","10","No","No"
"39","85","3.4","18","No","No"
"44","58","3.4","46","No","No"
"37","34","3.9","49","No","No"
"57","40","3.5","39","No","No"
"38","29","4.1","16","No","No"
"21","76","3.2","28","No","No"
"45","84","4.6","22","No","No"
"68","65","3.9","36","No","No"
"37","80","2.7","18","No","No"
"53","98","3.0","31","No","No"
"57","71","3.3","38","No","No"
"28","69","2.7","42","No","No"
"37","95","4.6","27","No","No"
"54","67","2.7","24","No","No"
"49","49","2.5","38","No","No"
"62","97","4.4","9","No","No"
"45","34","4.0","19","No","No"
"45","74","3.8","11","No","No"
"49","96","2.5","16","No","No"
"27","68","4.0","18","No","No"
"63","84","4.1","8","No","No"
"61","57","2.8","4","No","No"
"25","84","3.4","37","No","No"
"33","32","2.7","30","No","No"
"56","37","3.8","37","No","No"
"50","58","4.4","30","No","No"
"45","74","2.8","17","No","No"
"45","99","5.0","11","No","No"
"65","81","4.7","42","No","No"
"63","76","3.2","20","No","No"
"70","98","2.9","37","No","No"
"53","91","3.7","12","No","No"
"22","79","4.2","41","No","No"
"26","83","3.4","32","No","No"
"23","90","2.9","15","No","No"
"25","20","3.7","39","No","No"
"69","21","2.7","48","No","No"
"36","60","3.2","8","No","No"
"21","31","4.9","11","No","No"
"57","40","2.8","36","No","No"
"60","26","4.7","50","No","No"
"44","98","3.3","39","No","No"
"31","51","4.3","11","No","No"
"57","95","3.7","5","No","No"
"39","36","4.5","7","No","No"
"48","52","3.4","50","No","No"
"42","35","2.7","21","No","No"
"56","68","4.4","31","No","No"
"28","50","4.0","39","No","No"
"40","100","3.2","28","No","No"
"49","74","4.2","33","No","No"
"37","45","3.0","42","No","No"
"22","97","2.8","5","No","No"
"27","60","4.9","25","No","No"
"59","25","4.7","48","No","No"
"35","55","4.4","30","No","No"
"58","99","3.1","34","No","No"
"58","45","2.6","34","No","No"
"46","20","3.9","14","No","No"
"43","88","2.6","2","No","No"
"39","99","4.0","41","No","No"
"59","86","4.9","3","No","No"
"59","70","3.3","18","No","No"
"59","50","3.0","1","No","No"
"45","57","2.7","5","No","No"
"27","69","3.1","41","No","No"
"24","94","4.8","5","No","No"
"47","24","2.9","10","No","No"
"70","79","4.5","20","No","No"
"58","31","4.6","11","No","No"
"45","67","5.0","4","No","No"
"24","63","4.3","38","No","No"
"67","61","4.9","19","No","No"
"31","50","4.0","16","No","No"
"52","82","3.1","2","No","No"
"29","51","2.6","11","No","No"
"62","23","4.9","18","No","No"
"19","91","3.5","47","No","No"
"62","60","4.5","15","No","No"
"70","34","2.8","15","No","No"
"20","23","4.2","47","No","No"
"67","82","4.1","47","No","No"
"65","73","3.5","6","No","No"
"45","32","4.0","18","No","No"
"26","80","4.0","40","No","No"
"36","58","2.5","31","No","No"
"36","82","4.2","31","No","No"
"20","60","3.4","4","No","No"
"30","79","4.8","36","No","No"
"34","41","4.9","31","No","No"
"63","39","3.6","6","No","No"
"18","36","4.0","1","No","No"
"55","70","2.6","29","No","No"
"48","47","3.1","19","No","No"
"45","27","3.6","12","No","No"
"29","52","4.0","18","No","No"
"55","75","3.9","45","No","No"
"55","30","3.9","45","No","No"
"55","94","3.3","8","No","No"
"48","68","2.9","4","No","No"
"42","45","3.1","5","No","No"
"21","67","4.7","30","No","No"
"45","46","3.9","15","No","No"
"23","31","4.3","17","No","No"
"66","44","4.2","45","No","No"
"32","100","4.3","3","No","No"
"52","92","4.6","43","No","No"
"54","78","3.8","4","No","No"
"37","32","3.3","41","No","No"
"29","97","3.7","16","No","No"
"47","95","4.3","10","No","No"
"47","64","4.1","2","No","No"
"42","35","3.2","11","No","No"
"34","54","3.8","1","No","No"
"38","96","3.2","41","No","No"
"55","58","3.5","39","No","No"
"27","23","3.1","1","No","No"
"55","35","4.2","3","No","No"
"66","23","3.4","21","No","No"
"44","94","3.5","48","No","No"
"39","45","4.0","24","No","No"
"23","23","4.4","45","No","No"
"29","94","2.9","46","No","No"
"20","99","3.6","35","No","No"
"42","36","4.4","47","No","No"
"55","50","4.5","35","No","No"
"66","81","3.8","45","No","No"
"24","31","3.6","6","No","No"
"62","48","4.3","20","No","No"
"28","91","4.0","3","No","No"
"30","99","3.4","30","No","No"
"22","70","4.4","28","No","No"
"28","74","2.8","15","No","No"
"35","79","2.8","29","No","No"
"45","33","4.9","15","No","No"
"43","49","4.2","18","No","No"
"55","96","2.9","7","No","No"
"31","66","4.6","19","No","No"
"42","45","2.8","15","No","No"
"40","28","2.6","3","No","No"
"39","48","3.5","13","No","No"
"41","67","3.5","37","No","No"
"56","59","3.4","26","No","No"
"43","74","3.9","29","No","No"
"22","81","3.3","47","No","No"
"47","26","4.1","47","No","No"
"50","61","3.0","48","No","No"
"58","23","3.0","46","No","No"
"50","33","3.2","7","No","No"
"43","58","3.9","45","No","No"
"38","65","3.6","47","No","No"
"44","48","3.1","6","No","No"
"30","25","4.8","29","No","No"
"47","51","3.8","42","No","No"
"30","31","2.8","46","No","No"
"49","99","4.0","28","No","No"
"56","25","4.6","14","No","No"
"70","52","3.5","12","No","No"
"22","47","3.7","41","No","No"
"51","98","4.9","8","No","No"
"22","46","4.1","24","No","No"
"37","32","4.6","18","No","No"
"49","75","4.5","6","No","No"
"61","51","5.0","40","No","No"
"41","52","3.8","6","No","No"
"57","66","4.7","27","No","No"
"34","35","2.8","2","No","No"
"27","43","2.6","39","No","No"
"39","24","3.8","9","No","No"
"62","83","2.8","16","No","No"
"34","62","2.6","36","No","No"
"53","78","3.4","2","No","No"
"35","61","4.5","21","No","No"
"38","57","3.8","39","No","No"
"32","70","3.0","38","No","No"
"47","57","3.7","6","No","No"
"53","74","4.4","6","No","No"
"60","90","3.1","50","No","No"
"31","98","4.2","9","No","No"
"44","43","3.1","15","No","No"
"29","37","5.0","5","No","No"
"19","38","2.7","13","No","No"
"54","60","3.8","44","No","No"
"40","55","3.3","36","No","No"
"39","51","4.8","18","No","No"
"44","71","3.4","39","No","No"
"22","61","4.4","11","No","No"
"30","65","3.9","1","No","No"
"69","34","3.9","34","No","No"
"28","87","4.2","47","No","No"
"57","79","4.0","24","No","No"
"46","46","2.6","20","No","No"
"48","72","4.4","11","No","No"
"24","93","3.2","3","No","No"
"50","76","4.3","38","No","No"
"29","56","4.9","45","No","No"
"61","83","3.8","31","No","No"
"34","90","2.5","16","No","No"
"27","94","4.9","3","No","No"
"38","68","3.0","15","No","No"
"25","53","3.2","11","No","No"
"54","35","2.9","22","No","No"
"53","30","2.8","35","No","No"
"23","26","3.1","5","No","No"
"19","60","3.4","35","No","No"
"57","30","2.9","27","No","No"
"19","91","3.2","9","No","No"
"33","71","3.8","21","No","No"
"33","64","3.6","23","No","No"
"38","54","4.3","3","No","No"
"47","35","4.8","31","No","No"
"39","38","2.5","44","No","No"
"32","69","2.5","20","No","No"
"27","96","4.6","34","No","No"
"67","73","4.2","17","No","No"
"46","49","4.2","20","No","No"
"36","44","4.8","46","No","No"
"62","93","4.5","28","No","No"
"31","72","3.3","6","No","No"
"68","91","2.7","50","No","No"
"57","83","2.8","41","No","No"
"22","62","3.5","50","No","No"
"26","71","3.0","33","No","No"
"43","93","4.5","25","No","No"
"45","63","4.3","2","No","No"
"64","96","4.1","15","No","No"
"28","78","4.3","12","No","No"
"47","24","5.0","28","No","No"
"53","63","3.8","12","No","No"
"42","58","4.9","3","No","No"
"51","55","5.0","20","No","No"
"62","58","4.3","3","No","No"
"18","28","4.1","32","No","No"
"48","37","4.5","35","No","No"
"20","78","3.6","31","No","No"
"32","73","3.0","13","No","No"
"26","20","3.7","3","No","No"
"31","60","4.3","48","No","No"
"55","71","4.6","15","No","No"
"49","89","4.7","13","No","No"
"42","53","4.6","21","No","No"
"64","87","3.0","29","No","No"
"68","37","3.4","24","No","No"
"68","37","3.8","21","No","No"
"41","78","3.1","5","No","No"
"51","23","4.4","47","No","No"
"44","73","4.5","34","No","No"
"27","27","2.8","45","No","No"
"36","59","2.7","12","No","No"
"19","53","3.4","31","No","No"
"49","42","4.6","43","No","No"
"18","45","5.0","5","No","No"
"36","89","3.5","36","No","No"
"36","85","3.3","12","No","No"
"19","69","4.5","31","No","No"
"43","66","3.1","31","No","No"
"31","42","4.0","15","No","No"
"63","40","2.5","11","No","No"
"41","82","4.4","18","No","No"
"48","88","4.4","9","No","No"
"68","99","3.2","11","No","No"
"53","85","3.8","38","No","No"
"36","57","4.6","42","No","No"
"46","56","4.9","41","No","No"
"21","79","3.5","45","No","No"
"52","67","3.4","41","No","No"
"66","61","3.9","35","No","No"
"19","37","3.9","21","No","No"
"44","75","4.2","13","No","No"
"50","21","3.4","23","No","No"
"51","89","4.9","6","No","No"
"25","24","2.9","39","No","No"
"62","27","4.9","7","No","No"
"48","26","4.6","32","No","No"
"62","82","3.6","43","No","No"
"22","28","4.3","15","No","No"
"48","65","4.6","48","No","No"
"48","82","4.7","35","No","No"
"62","38","3.5","41","No","No"
"24","33","2.8","14","No","No"
"39","38","4.0","22","No","No"
"35","48","4.3","16","No","No"
"47","35","3.8","2","No","No"
"22","29","3.0","13","No","No"
"38","48","4.6","38","No","No"
"53","87","4.8","43","No","No"
"31","62","4.7","26","No","No"
"31","96","3.9","39","No","No"
"65","41","4.0","50","No","No"
"48","42","3.7","40","No","No"
"18","57","3.7","12","No","No"
"46","65","4.2","33","No","No"
"52","54","4.7","49","No","No"
"50","22","4.3","43","No","No"
"49","96","4.9","14","No","No"
"69","81","3.9","21","No","No"
"36","46","3.4","31","No","No"
"30","74","4.2","29","No","No"
"25","50","4.7","32","No","No"
"19","80","4.0","16","No","No"
"34","56","4.0","38","No","No"
"29","69","3.1","34","No","No"
"50","97","4.2","30","No","No"
"31","66","3.7","14","No","No"
"41","70","3.1","33","No","No"
"52","50","3.7","35","No","No"
"27","85","3.2","13","No","No"
"49","59","2.8","30","No","No"
"69","74","2.9","30","No","No"
"45","38","3.5","47","No","No"
"20","99","3.8","1","No","No"
"25","97","4.7","1","No","No"
"38","67","4.5","33","No","No"
"55","20","3.9","43","No","No"
"62","45","3.4","37","No","No"
"54","52","4.6","23","No","No"
"61","68","4.6","12","No","No"
"50","98","4.7","30","No","No"
"65","83","3.2","7","No","No"
"68","51","5.0","20","No","No"
"55","21","4.5","10","No","No"
"57","92","3.5","40","No","No"
"56","63","4.5","21","No","No"
"29","56","3.2","17","No","No"
"24","95","4.6","5","No","No"
"59","66","4.0","22","No","No"
"62","28","4.2","5","No","No"
"58","83","4.1","18","No","No"
"64","55","3.6","42","No","No"
"48","28","3.7","22","No","No"
"60","79","3.6","37","No","No"
"52","31","3.8","23","No","No"
"63","37","3.0","47","No","No"
"44","34","3.4","11","No","No"
"63","74","4.8","32","No","No"
"66","31","2.6","20","No","No"
"22","66","2.9","3","No","No"
"62","99","4.9","32","No","No"
"39","55","5.0","5","No","No"
"25","23","4.6","45","No","No"
"70","88","4.2","43","No","No"
"52","26","4.9","1","No","No"
"68","94","4.8","9","No","No"
"18","25","3.0","13","No","No"
"18","96","3.5","5","No","No"
"63","29","3.4","39","No","No"
"47","36","3.4","7","No","No"
"43","90","4.9","8","No","No"
"60","38","4.4","40","No","No"
"49","52","4.2","35","No","No"
"28","88","3.1","14","No","No"
"32","56","4.0","26","No","No"
"29","71","4.8","14","No","No"
"35","94","3.3","9","No","No"
"23","97","4.7","32","No","No"
"70","27","3.2","15","No","No"
"23","28","5.0","25","No","No"
"43","67","4.9","27","No","No"
"29","70","4.9","39","No","No"
"61","95","3.7","49","No","No"
"29","24","3.0","12","No","No"
"66","35","2.6","13","No","No"
"46","22","2.6","22","No","No"
"34","66","4.8","19","No","No"
"51","83","3.2","3","No","No"
"26","95","4.9","50","No","No"
"23","41","3.4","15","No","No"
"52","77","2.7","44","No","No"
"39","52","4.8","48","No","No"
"39","41","4.1","4","No","No"
"33","28","4.6","12","No","No"
"33","90","4.4","33","No","No"
"23","55","3.5","40","No","No"
"31","73","4.8","38","No","No"
"27","87","2.9","19","No","No"
"48","89","3.2","38","No","No"
"61","82","4.4","18","No","No"
"63","80","4.6","24","No","No"
"19","87","2.6","29","No","No"
"21","41","3.1","14","No","No"
"28","83","4.3","44","No","No"
"29","71","3.1","18","No","No"
"23","76","4.6","19","No","No"
"37","34","4.6","4","No","No"
"67","81","2.7","25","No","No"
"34","47","3.0","3","No","No"
"58","36","3.3","40","No","No"
"45","51","2.7","5","No","No"
"63","86","3.3","17","No","No"
"68","41","4.3","36","No","No"
"41","90","4.8","41","No","No"
"50","93","3.3","20","No","No"
"24","56","4.3","2","No","No"
"21","39","3.0","31","No","No"
"18","86","4.8","23","No","No"
"63","82","2.9","30","No","No"
"47","29","3.6","26","No","No"
"58","27","3.5","40","No","No"
"46","25","4.7","19","No","No"
"35","31","4.4","4","No","No"
"42","23","3.3","33","No","No"
"48","47","4.3","29","No","No"
"28","67","4.0","47","No","No"
"44","75","4.9","50","No","No"
"60","82","2.9","28","No","No"
"38","32","4.0","5","No","No"
"46","41","4.3","12","No","No"
"39","89","2.7","4","No","No"
"22","82","5.0","22","No","No"
"44","99","4.4","32","No","No"
"69","98","3.5","32","No","No"
"39","54","3.3","48","No","No"
"53","88","3.8","35","No","No"
"52","43","4.5","44","No","No"
"65","73","4.8","29","No","No"
"48","50","2.9","26","No","No"
"27","73","3.2","3","No","No"
"39","51","2.8","1","No","No"
"59","22","3.3","17","No","No"
"52","32","3.3","17","No","No"
"50","38","4.2","36","No","No"
"32","66","3.6","32","No","No"
"40","20","4.6","50","No","No"
"26","44","3.6","39","No","No"
"47","31","4.0","17","No","No"
"51","45","2.7","39","No","No"
"47","71","4.4","5","No","No"
"53","96","3.2","47","No","No"
"35","32","2.6","18","No","No"
"38","90","3.4","31","No","No"
"69","68","5.0","39","No","No"
"47","45","2.9","12","No","No"
"31","67","5.0","45","No","No"
"68","57","4.4","33","No","No"
"51","60","3.5","3","No","No"
"20","32","3.8","5","No","No"
"27","29","3.8","23","No","No"
"67","20","3.9","39","No","No"
"21","98","3.3","10","No","No"
"20","27","2.9","4","No","No"
"35","67","3.7","18","No","No"
"58","82","3.7","1","No","No"
"28","72","4.6","18","No","No"
"27","77","4.9","46","No","No"
"19","74","3.1","13","No","No"
"63","39","3.5","5","No","No"
"69","80","4.9","11","No","No"
"65","59","4.4","49","No","No"
"63","68","4.4","1","No","No"
"28","77","3.4","11","No","No"
"67","50","3.0","47","No","No"
"51","45","2.6","20","No","No"
"59","71","3.2","18","No","No"
"25","52","4.6","43","No","No"
"31","50","3.8","4","No","No"
"62","66","4.8","20","No","No"
"51","81","4.5","7","No","No"
"32","28","4.2","31","No","No"
"35","65","2.7","41","No","No"
"70","80","4.5","3","No","No"
"19","94","4.9","16","No","No"
"32","30","2.8","43","No","No"
"56","45","3.5","29","No","No"
"53","91","2.5","5","No","No"
"22","36","2.9","30","No","No"
"26","73","4.2","33","No","No"
"42","60","4.6","46","No","No"
"30","77","3.0","17","No","No"
"29","86","4.4","47","No","No"
"47","42","2.6","17","No","No"
"59","70","4.8","17","No","No"
"34","44","2.9","28","No","No"
"52","91","3.0","8","No","No"
"47","30","4.5","8","No","No"
"24","23","3.7","4","No","No"
"63","21","4.8","24","No","No"
"59","34","4.8","29","No","No"
"66","46","4.7","10","No","No"
"45","41","2.6","11","No","No"
"38","33","4.6","18","No","No"
"63","48","3.4","26","No","No"
"55","66","3.0","39","No","No"
"25","54","4.0","4","No","No"
"51","55","2.6","24","No","No"
"28","84","3.4","2","No","No"
"46","66","4.5","36","No","No"
"58","65","2.7","36","No","No"
"30","83","2.9","23","No","No"
"68","61","4.0","36","No","No"
"28","65","3.2","2","No","No"
"26","55","4.0","17","No","No"
"35","79","3.4","19","No","No"
"40","96","4.9","41","No","No"
"31","43","3.6","27","No","No"
"60","40","3.6","32","No","No"
"69","62","3.2","33","No","No"
"51","72","3.7","24","No","No"
"49","87","2.6","31","No","No"
"18","31","3.9","35","No","No"
"63","34","3.4","2","No","No"
"57","53","3.4","42","No","No"
"45","85","4.2","47","No","No"
"36","50","2.9","44","No","No"
"20","91","4.1","8","No","No"
"21","56","3.6","13","No","No"
"62","60","4.0","10","No","No"
"23","34","4.0","1","No","No"
"26","30","3.6","1","No","No"
"30","71","3.1","18","No","No"
"18","100","4.4","2","No","No"
"47","85","4.3","36","No","No"
"41","83","3.5","17","No","No"
"62","31","3.0","1","No","No"
"28","82","4.7","50","No","No"
"46","79","2.5","3","No","No"
"54","62","3.1","45","No","No"
"36","92","3.3","28","No","No"
"25","58","4.7","6","No","No"
"38","88","3.4","33","No","No"
"38","44","3.1","29","No","No"
"42","56","4.6","2","No","No"
"19","23","4.9","43","No","No"
"34","45","2.7","48","No","No"
"38","31","4.2","43","No","No"
"42","96","2.6","26","No","No"
"58","96","3.2","26","No","No"
"56","80","4.4","50","No","No"
"62","28","3.6","36","No","No"
"24","51","2.7","26","No","No"
"60","41","4.3","2","No","No"
"53","99","2.6","49","No","No"
"26","53","4.3","32","No","No"
"34","25","3.9","3","No","No"
"24","95","2.9","38","No","No"
"42","88","3.1","5","No","No"
"36","97","4.2","8","No","No"
"24","81","4.1","43","No","No"
"39","26","4.2","22","No","No"
"46","41","4.4","10","No","No"
"64","93","3.4","26","No","No"
"64","69","4.8","42","No","No"
"61","44","4.5","33","No","No"
"61","54","2.7","23","No","No"
"44","61","3.5","30","No","No"
"65","80","3.1","36","No","No"
"60","30","2.8","3","No","No"
"65","94","2.9","13","No","No"
"27","24","4.5","38","No","No"
"36","21","3.5","19","No","No"
"22","52","4.3","14","No","No"
"62","59","4.9","43","No","No"
"59","51","3.1","10","No","No"
"50","35","4.0","34","No","No"
"51","87","3.6","31","No","No"
"23","42","4.0","34","No","No"
"21","86","2.6","28","No","No"
"44","26","3.1","35","No","No"
"25","60","3.5","41","No","No"
"57","83","3.9","48","No","No"
"41","63","2.7","45","No","No"
"19","25","4.1","10","No","No"
"43","65","4.3","9","No","No"
"25","60","2.9","30","No","No"
"60","75","4.0","45","No","No"
"54","57","4.1","41","No","No"
"52","99","3.7","40","No","No"
"40","45","2.8","42","No","No"
"39","66","3.2","17","No","No"
"54","53","4.5","4","No","No"
"64","94","3.8","6","No","No"
"31","47","3.6","22","No","No"
"37","80","3.6","46","No","No"
"43","65","3.2","27","No","No"
"56","75","3.8","18","No","No"
"27","45","4.4","31","No","No"
"40","51","3.7","1","No","No"
"43","58","2.6","2","No","No"
"62","20","4.0","46","No","No"
"44","82","3.6","27","No","No"
"45","92","2.5","3","No","No"
"40","81","3.2","47","No","No"
"68","44","2.5","20","No","No"
"63","72","3.2","23","No","No"
"60","26","2.6","13","No","No"
"19","26","4.8","12","No","No"
"26","84","5.0","36","No","No"
"70","72","3.2","1","No","No"
"48","55","3.6","14","No","No"
"37","77","2.7","45","No","No"
"48","57","3.1","31","No","No"
"18","71","3.0","41","No","No"
"38","39","2.9","36","No","No"
"33","28","4.7","6","No","No"
"57","33","3.7","28","No","No"
"46","79","3.9","29","No","No"
"46","30","4.0","14","No","No"
"50","75","2.8","7","No","No"
"61","89","4.1","31","No","No"
"45","95","4.2","26","No","No"
"32","44","4.3","12","No","No"
"29","86","4.3","45","No","No"
"66","91","2.6","40","No","No"
"70","41","3.8","42","No","No"
"36","99","2.9","45","No","No"
"34","65","5.0","34","No","No"
"20","48","4.6","34","No","No"
"70","41","3.2","17","No","No"
"50","42","3.0","27","No","No"
"54","26","4.0","31","No","No"
"49","35","4.1","47","No","No"
"50","31","4.0","25","No","No"
"62","73","4.1","47","No","No"
"42","82","3.4","8","No","No"
"69","32","2.9","32","No","No"
"22","27","3.0","33","No","No"
"36","86","4.0","16","No","No"
"64","38","4.8","27","No","No"
"44","93","4.6","17","No","No"
"43","59","4.1","17","No","No"
"58","58","2.6","28","No","No"
"62","84","2.5","38","No","No"
"45","100","4.8","33","No","No"
"47","25","4.2","24","No","No"
"66","29","3.9","14","No","No"
"30","42","3.7","5","No","No"
"68","57","4.2","8","No","No"
"35","84","4.2","42","No","No"
"64","71","4.0","48","No","No"
"30","87","5.0","40","No","No"
"58","52","4.9","46","No","No"
"57","58","4.0","40","No","No"
"60","34","3.2","31","No","No"
"22","60","3.0","39","No","No"
"46","68","2.6","36","No","No"
"27","74","4.4","25","No","No"
"50","83","3.9","24","No","No"
"65","79","4.0","19","No","No"
"61","76","4.0","49","No","No"
"57","20","4.2","4","No","No"
"40","61","4.4","36","No","No"
"39","78","2.5","8","No","No"
"42","21","3.1","29","No","No"
"30","77","3.5","26","No","No"
"65","88","3.0","47","No","No"
"57","64","4.4","44","No","No"
"64","57","4.9","49","No","No"
"56","49","2.8","9","No","No"
"40","35","3.3","28","No","No"
"55","99","4.9","1","No","No"
"25","42","4.2","28","No","No"
"58","32","3.3","33","No","No"
"46","21","2.7","28","No","No"
"18","29","3.3","9","No","No"
"26","64","3.8","28","No","No"
"61","46","3.2","19","No","No"
"55","97","4.1","20","No","No"
"41","94","4.3","3","No","No"
"42","43","4.0","22","No","No"
"70","54","3.9","33","No","No"
"63","51","3.3","21","No","No"
"60","85","2.6","7","No","No"
"28","96","4.2","46","No","No"
"60","42","3.4","24","No","No"
"26","63","4.1","6","No","No"
"42","20","3.9","40","No","No"
"56","25","2.8","17","No","No"
"35","95","2.6","24","No","No"
"34","38","4.0","22","No","No"
"47","29","4.9","3","No","No"
"49","64","3.2","39","No","No"
"37","92","3.9","40","No","No"
"40","34","2.7","1","No","No"
"45","69","3.4","14","No","No"
"57","65","3.5","49","No","No"
"35","81","2.6","33","No","No"
"36","30","4.7","6","No","No"
"35","86","3.5","5","No","No"
"21","64","3.3","29","No","No"
"66","78","3.9","44","No","No"
"40","28","4.2","32","No","No"
"52","49","4.5","41","No","No"
"46","33","2.9","24","No","No"
"44","77","3.8","24","No","No"
"52","81","3.1","33","No","No"
